node_id,target_gui,hop,via_gui
0,1,1,1
0,2,1,2
0,12,1,12
0,32,1,32
0,10,1,10
0,11,1,11
0,21,1,21
0,3,1,3
0,13,1,13
0,14,2,1
0,23,2,1
0,5,2,1
0,4,1,4
0,30,2,1
0,40,1,40
0,31,1,31
0,22,1,22
0,51,2,20
0,42,2,20
0,41,2,11
0,20,1,20
0,15,2,2
0,6,2,2
0,16,2,13
0,33,2,13
0,52,2,21
0,43,2,20
0,50,2,10
0,61,2,31
0,60,2,20
0,62,2,31
0,53,2,22
0,44,2,32
0,54,2,32
0,34,2,32
0,63,2,31
0,7,2,4
0,17,2,4
0,26,2,4
0,25,2,4
0,24,2,13
0,35,2,13
0,27,2,4
0,70,3,20
0,71,3,20
0,8,3,1
0,18,3,1
0,9,3,4
0,36,3,1
0,37,3,4
0,28,3,4
0,29,3,4
0,19,3,4
0,38,3,4
0,45,3,13
0,46,3,13
0,64,3,22
0,55,3,22
0,73,3,31
0,72,3,31
1,2,1,2
1,0,1,0
1,11,1,11
1,10,1,10
1,21,1,21
1,12,1,12
1,3,1,3
1,13,1,13
1,14,1,14
1,23,1,23
1,5,1,5
1,4,1,4
1,32,1,32
1,22,1,22
1,15,2,2
1,6,2,2
1,16,2,5
1,7,2,4
1,17,2,4
1,26,2,4
1,25,2,4
1,24,2,13
1,35,2,13
1,34,2,14
1,33,2,13
1,30,2,2
1,40,2,10
1,51,2,21
1,42,2,20
1,52,2,21
1,43,2,14
1,50,2,10
1,61,2,31
1,60,2,20
1,62,2,31
1,41,2,11
1,20,1,20
1,31,1,31
1,53,2,22
1,44,2,32
1,54,2,32
1,63,2,31
1,27,2,4
1,36,2,5
1,8,2,14
1,18,2,5
1,9,3,4
1,37,3,4
1,28,3,4
1,29,3,4
1,19,3,4
1,38,3,4
1,70,3,20
1,71,3,20
1,45,3,5
1,46,3,5
1,47,3,5
1,64,3,22
1,55,3,22
1,73,3,31
1,72,3,31
2,1,1,1
2,3,1,3
2,11,1,11
2,13,1,13
2,12,1,12
2,0,1,0
2,10,1,10
2,21,1,21
2,14,1,14
2,23,1,23
2,5,1,5
2,15,1,15
2,6,2,4
2,4,1,4
2,32,1,32
2,16,2,5
2,22,1,22
2,7,2,4
2,17,2,4
2,26,2,4
2,25,2,4
2,24,2,13
2,35,2,13
2,34,2,14
2,27,2,4
2,36,2,5
2,33,2,13
2,30,2,1
2,40,2,10
2,51,2,21
2,42,2,20
2,52,2,21
2,43,2,14
2,50,2,10
2,61,2,31
2,60,2,20
2,62,2,31
2,41,2,11
2,20,1,20
2,31,1,31
2,53,2,22
2,44,2,32
2,54,2,32
2,63,2,31
2,46,3,5
2,45,3,5
2,8,2,14
2,18,2,5
2,9,3,4
2,37,3,4
2,28,3,4
2,29,3,4
2,19,3,4
2,38,3,4
2,70,3,20
2,71,3,20
2,47,3,5
2,64,3,22
2,55,3,22
2,73,3,31
2,72,3,31
3,1,1,1
3,5,1,5
3,14,1,14
3,13,1,13
3,15,1,15
3,23,1,23
3,2,1,2
3,6,2,2
3,4,1,4
3,11,1,11
3,12,1,12
3,0,2,1
3,10,1,10
3,21,1,21
3,16,1,16
3,7,2,4
3,17,2,4
3,26,1,26
3,32,1,32
3,25,1,25
3,24,1,24
3,35,2,13
3,34,2,14
3,27,2,4
3,36,2,5
3,22,1,22
3,33,2,13
3,30,2,1
3,40,2,10
3,51,2,21
3,42,2,20
3,52,2,21
3,43,2,14
3,50,2,10
3,61,2,32
3,60,2,20
3,62,2,32
3,41,2,11
3,20,1,20
3,31,2,1
3,53,2,22
3,44,2,26
3,54,2,24
3,63,2,32
3,46,3,5
3,45,3,5
3,47,3,5
3,37,3,4
3,28,3,4
3,18,2,5
3,29,3,4
3,19,3,4
3,38,3,4
3,8,2,14
3,9,2,16
3,70,3,20
3,71,3,20
3,55,3,22
3,64,3,22
3,65,3,24
3,73,3,32
3,72,3,32
4,5,1,5
4,3,1,3
4,14,1,14
4,13,1,13
4,15,1,15
4,1,1,1
4,6,1,6
4,23,1,23
4,2,1,2
4,16,1,16
4,7,1,7
4,17,1,17
4,26,1,26
4,11,1,11
4,12,1,12
4,0,2,1
4,10,1,10
4,21,1,21
4,25,1,25
4,24,1,24
4,35,1,35
4,34,1,34
4,8,1,8
4,18,2,5
4,27,1,27
4,9,2,7
4,32,1,32
4,36,2,5
4,22,1,22
4,33,2,13
4,30,2,1
4,40,2,11
4,51,2,21
4,42,2,21
4,52,2,21
4,43,2,14
4,50,2,10
4,61,3,1
4,60,2,21
4,62,3,1
4,41,2,11
4,20,2,1
4,31,2,1
4,53,2,22
4,44,2,26
4,54,2,24
4,63,2,35
4,46,2,35
4,45,2,34
4,47,3,5
4,37,2,27
4,28,2,17
4,29,2,27
4,19,2,8
4,38,2,27
4,39,3,8
4,48,3,17
4,57,3,27
4,56,3,27
4,49,3,27
4,58,3,27
4,55,3,22
4,65,3,24
4,64,3,22
4,70,3,21
4,71,3,21
5,1,1,1
5,3,1,3
5,14,1,14
5,13,1,13
5,15,1,15
5,23,1,23
5,2,1,2
5,6,1,6
5,4,1,4
5,16,1,16
5,7,1,7
5,17,1,17
5,26,1,26
5,11,1,11
5,12,1,12
5,0,2,1
5,10,1,10
5,21,1,21
5,8,1,8
5,18,1,18
5,27,1,27
5,9,2,7
5,25,1,25
5,24,1,24
5,35,1,35
5,34,1,34
5,32,1,32
5,36,1,36
5,22,1,22
5,33,2,13
5,30,2,1
5,40,2,11
5,51,2,23
5,42,2,21
5,52,2,22
5,43,2,14
5,50,2,10
5,61,3,1
5,60,2,21
5,62,3,1
5,41,2,11
5,20,2,1
5,31,2,1
5,53,2,22
5,44,2,26
5,54,2,24
5,63,2,35
5,46,2,35
5,45,2,34
5,19,2,8
5,28,2,17
5,37,2,27
5,29,2,18
5,38,2,27
5,47,2,36
5,39,3,8
5,48,3,17
5,57,3,27
5,56,3,27
5,49,3,18
5,58,3,27
5,55,3,22
5,65,3,24
5,64,3,22
5,70,3,21
5,71,3,21
6,5,1,5
6,16,1,16
6,7,1,7
6,15,1,15
6,17,1,17
6,1,1,1
6,4,1,4
6,14,1,14
6,26,1,26
6,2,1,2
6,8,1,8
6,18,1,18
6,27,1,27
6,9,1,9
6,3,1,3
6,13,1,13
6,23,1,23
6,11,2,1
6,12,1,12
6,0,2,1
6,10,2,1
6,21,2,1
6,28,2,17
6,37,2,27
6,29,2,18
6,19,2,8
6,38,2,27
6,36,1,36
6,25,1,25
6,24,1,24
6,35,1,35
6,34,2,14
6,46,2,35
6,45,2,35
6,44,2,26
6,47,2,36
6,32,2,1
6,39,3,8
6,48,3,17
6,22,2,1
6,33,2,13
6,30,2,1
6,42,2,23
6,43,2,14
6,41,2,23
6,31,2,1
6,57,3,27
6,56,3,27
6,49,3,18
6,58,3,27
6,20,2,1
6,50,3,1
6,54,2,24
6,63,2,35
6,40,2,23
6,51,2,23
6,53,2,23
6,52,3,1
6,62,3,1
6,55,3,23
6,65,3,24
6,64,3,23
6,61,3,1
6,60,3,1
6,71,3,23
7,17,1,17
7,8,1,8
7,16,1,16
7,18,1,18
7,27,1,27
7,1,1,1
7,6,1,6
7,26,1,26
7,9,1,9
7,2,1,2
7,28,2,17
7,37,2,27
7,29,2,18
7,19,2,8
7,38,2,27
7,36,1,36
7,5,1,5
7,15,1,15
7,14,1,14
7,4,1,4
7,3,2,1
7,11,2,1
7,13,2,2
7,12,2,1
7,0,2,1
7,10,2,1
7,21,2,1
7,39,3,8
7,48,3,17
7,47,2,36
7,46,2,35
7,57,3,27
7,56,3,27
7,35,1,35
7,45,2,35
7,25,1,25
7,34,2,14
7,44,2,26
7,24,1,24
7,23,2,4
7,49,3,18
7,32,2,1
7,58,3,27
7,43,2,14
7,22,2,4
7,33,2,14
7,30,3,4
7,42,2,24
7,41,2,24
7,31,2,14
7,54,2,24
7,50,3,4
7,20,3,4
7,63,2,35
7,53,2,24
7,52,3,14
7,62,3,14
7,51,3,14
7,55,3,24
7,65,3,24
7,64,3,24
7,40,3,14
7,61,3,14
7,60,3,14
8,2,2,4
8,17,1,17
8,16,1,16
8,1,2,4
8,5,1,5
8,14,1,14
8,4,1,4
8,6,2,4
8,26,1,26
8,27,1,27
8,15,1,15
8,9,1,9
8,18,1,18
8,28,2,17
8,37,2,27
8,29,2,18
8,19,1,19
8,38,2,27
8,36,2,5
8,3,2,4
8,11,2,4
8,13,2,4
8,12,2,4
8,0,2,4
8,10,2,4
8,21,2,14
8,35,2,7
8,25,1,25
8,34,2,14
8,24,2,7
8,23,2,4
8,32,2,4
8,7,1,7
8,39,2,19
8,48,3,17
8,49,3,18
8,47,3,5
8,46,3,5
8,57,3,27
8,56,3,27
8,45,3,5
8,44,2,26
8,58,3,27
8,43,2,14
8,22,2,4
8,33,2,14
8,30,3,4
8,42,3,4
8,41,3,4
8,31,2,14
8,54,2,25
8,50,3,4
8,20,3,4
8,63,3,7
8,53,2,25
8,52,3,14
8,62,3,14
8,51,3,14
8,40,3,14
8,60,3,14
8,55,3,25
8,64,3,25
8,61,3,14
9,2,1,2
9,18,1,18
9,8,1,8
9,19,1,19
9,17,1,17
9,16,1,16
9,27,1,27
9,1,2,2
9,6,2,7
9,26,2,7
9,7,1,7
9,3,2,2
9,11,2,2
9,13,2,2
9,12,2,2
9,0,2,2
9,29,2,18
9,28,2,17
9,37,2,27
9,38,2,27
9,36,2,7
9,39,2,19
9,48,3,17
9,10,3,7
9,21,3,7
9,5,2,7
9,15,2,7
9,14,2,7
9,4,2,7
9,49,3,18
9,35,2,7
9,25,2,7
9,34,3,7
9,24,2,7
9,32,3,7
9,23,2,16
9,47,3,7
9,46,3,7
9,57,3,27
9,56,3,27
9,45,3,7
9,44,3,7
9,58,3,27
9,43,3,7
9,22,3,7
9,31,3,7
9,54,3,7
9,33,3,7
9,42,3,7
9,41,3,7
9,63,3,7
9,20,3,16
9,40,3,16
9,53,3,7
10,1,1,1
10,2,1,2
10,12,1,12
10,32,1,32
10,0,1,0
10,11,1,11
10,30,2,1
10,21,1,21
10,40,1,40
10,3,1,3
10,31,1,31
10,13,1,13
10,22,1,22
10,51,2,20
10,42,2,20
10,41,2,11
10,20,1,20
10,23,1,23
10,14,2,1
10,5,2,1
10,4,2,1
10,33,2,13
10,52,2,21
10,43,2,20
10,50,1,50
10,61,2,31
10,60,2,20
10,62,2,31
10,53,2,22
10,44,2,32
10,54,2,32
10,34,2,23
10,63,2,31
10,15,2,2
10,6,2,2
10,16,2,13
10,26,2,13
10,25,2,13
10,24,2,13
10,70,3,20
10,71,3,20
10,7,3,1
10,27,3,1
10,35,2,13
10,36,2,23
10,17,2,13
10,28,3,13
10,18,3,1
10,19,3,13
10,8,3,1
10,9,3,13
10,45,3,13
10,46,3,13
10,47,3,23
10,37,3,23
10,72,3,31
10,64,3,22
10,55,3,22
10,73,3,31
11,21,1,21
11,0,1,0
11,10,1,10
11,12,1,12
11,2,1,2
11,3,1,3
11,32,1,32
11,13,1,13
11,1,1,1
11,22,1,22
11,23,1,23
11,14,1,14
11,5,1,5
11,4,1,4
11,30,2,1
11,40,1,40
11,31,1,31
11,51,2,20
11,42,2,20
11,41,1,41
11,20,1,20
11,33,2,13
11,52,2,21
11,43,2,14
11,50,1,50
11,61,2,31
11,60,2,20
11,62,2,31
11,53,2,22
11,44,2,32
11,54,2,32
11,34,2,14
11,63,2,31
11,15,2,2
11,6,2,2
11,16,2,5
11,7,2,4
11,17,2,4
11,26,2,4
11,25,2,4
11,24,2,13
11,35,2,13
11,27,2,4
11,36,2,5
11,70,3,20
11,71,3,20
11,8,2,14
11,18,2,5
11,9,3,4
11,37,3,4
11,28,3,4
11,29,3,4
11,19,3,4
11,38,3,4
11,64,3,22
11,45,3,5
11,55,3,22
11,74,3,41
11,65,3,41
11,73,3,31
11,82,3,41
11,72,3,31
11,46,3,5
11,47,3,5
12,22,1,22
12,13,1,13
12,23,1,23
12,11,1,11
12,21,1,21
12,2,1,2
12,1,1,1
12,32,1,32
12,3,1,3
12,0,2,1
12,10,1,10
12,14,1,14
12,5,1,5
12,15,1,15
12,6,2,2
12,4,1,4
12,33,1,33
12,30,2,1
12,40,1,40
12,51,1,51
12,42,1,42
12,52,2,21
12,43,1,43
12,50,2,10
12,61,2,31
12,60,2,20
12,62,2,31
12,41,1,41
12,20,1,20
12,31,1,31
12,53,2,22
12,44,2,32
12,54,2,24
12,34,1,34
12,63,2,31
12,16,2,5
12,24,1,24
12,25,1,25
12,26,2,4
12,7,2,4
12,17,2,4
12,35,1,35
12,27,2,4
12,36,2,5
12,46,2,35
12,45,2,34
12,71,2,51
12,64,3,22
12,55,3,22
12,74,3,33
12,65,3,24
12,73,3,31
12,82,3,33
12,72,3,31
12,37,3,4
12,28,3,4
12,18,2,5
12,29,3,4
12,19,3,4
12,38,3,4
12,8,2,14
12,9,3,4
12,47,3,5
12,70,3,20
12,56,3,34
12,57,3,35
12,81,3,51
12,80,3,51
13,14,1,14
13,22,1,22
13,15,1,15
13,26,1,26
13,32,1,32
13,4,1,4
13,0,2,1
13,20,1,20
13,31,1,31
13,43,2,14
13,23,1,23
13,2,1,2
13,1,1,1
13,24,1,24
13,25,1,25
13,3,2,1
13,12,2,1
13,5,1,5
13,6,2,2
13,11,1,11
13,7,2,4
13,27,2,4
13,10,1,10
13,16,1,16
13,17,1,17
13,35,1,35
13,34,1,34
13,21,1,21
13,36,2,5
13,33,1,33
13,30,2,1
13,42,2,20
13,41,2,11
13,50,2,10
13,40,2,10
13,51,2,21
13,46,2,35
13,45,2,34
13,44,2,26
13,63,2,31
13,54,2,24
13,52,2,21
13,61,2,31
13,60,2,20
13,62,2,31
13,53,2,22
13,47,3,5
13,37,3,4
13,28,2,17
13,18,2,5
13,29,3,4
13,19,2,17
13,38,3,4
13,8,2,14
13,9,2,16
13,55,3,22
13,65,3,24
13,64,3,22
13,39,3,17
13,48,3,17
13,70,3,20
13,71,3,20
13,74,3,33
13,73,3,31
13,82,3,33
13,72,3,31
13,56,3,34
13,57,3,35
14,2,1,2
14,1,1,1
14,25,1,25
14,26,1,26
14,5,1,5
14,24,1,24
14,16,1,16
14,7,1,7
14,17,1,17
14,4,1,4
14,6,1,6
14,3,1,3
14,13,1,13
14,23,1,23
14,35,1,35
14,34,1,34
14,11,1,11
14,12,1,12
14,0,2,1
14,10,1,10
14,21,1,21
14,15,1,15
14,46,2,35
14,45,2,34
14,44,2,26
14,27,1,27
14,47,2,36
14,37,2,27
14,36,1,36
14,28,2,17
14,18,2,5
14,29,2,27
14,19,2,8
14,38,2,27
14,8,1,8
14,9,2,7
14,32,1,32
14,22,1,22
14,33,1,33
14,30,2,1
14,40,2,11
14,51,2,21
14,42,2,21
14,52,2,21
14,43,2,15
14,50,2,10
14,61,2,31
14,60,2,21
14,62,2,31
14,41,2,11
14,20,2,1
14,31,1,31
14,53,2,22
14,54,2,24
14,63,2,31
14,39,3,8
14,48,3,17
14,57,3,27
14,56,3,27
14,49,3,27
14,58,3,27
14,55,3,22
14,65,3,24
14,64,3,22
14,71,3,21
14,74,3,33
14,73,3,31
14,82,3,33
14,72,3,31
14,70,3,21
15,14,1,14
15,25,1,25
15,2,1,2
15,26,1,26
15,5,1,5
15,24,1,24
15,16,1,16
15,1,1,1
15,7,1,7
15,17,1,17
15,4,1,4
15,6,1,6
15,3,1,3
15,13,1,13
15,23,1,23
15,35,1,35
15,34,1,34
15,11,1,11
15,12,1,12
15,0,2,1
15,10,1,10
15,21,1,21
15,46,2,35
15,45,1,45
15,44,1,44
15,27,1,27
15,47,2,36
15,37,2,27
15,36,1,36
15,28,2,17
15,18,1,18
15,29,2,18
15,19,2,8
15,38,2,27
15,8,1,8
15,9,2,7
15,32,1,32
15,56,2,45
15,55,2,44
15,57,3,27
15,33,1,33
15,22,1,22
15,30,2,1
15,40,2,11
15,51,2,21
15,42,2,21
15,52,2,21
15,43,2,14
15,50,2,10
15,61,2,32
15,60,2,21
15,62,2,32
15,41,2,11
15,20,2,1
15,31,2,1
15,53,2,22
15,54,2,24
15,63,2,32
15,65,2,45
15,39,3,8
15,48,3,17
15,49,3,18
15,58,3,27
15,64,2,44
15,71,3,21
15,74,3,33
15,73,3,32
15,82,3,33
15,72,3,32
15,70,3,21
15,66,3,44
15,75,3,44
15,84,3,44
15,67,3,45
15,76,3,45
15,86,3,45
16,2,2,1
16,1,1,1
16,8,1,8
16,19,2,8
16,18,1,18
16,27,1,27
16,6,1,6
16,26,1,26
16,9,1,9
16,28,2,17
16,37,2,27
16,29,2,18
16,38,2,27
16,36,1,36
16,5,1,5
16,15,1,15
16,14,1,14
16,4,1,4
16,3,1,3
16,11,2,1
16,13,1,13
16,12,2,1
16,0,2,1
16,10,2,1
16,21,2,1
16,7,1,7
16,39,3,8
16,48,3,17
16,35,1,35
16,25,1,25
16,34,1,34
16,24,1,24
16,17,1,17
16,32,2,1
16,46,2,35
16,45,2,34
16,44,2,26
16,47,2,36
16,23,1,23
16,57,3,27
16,56,3,27
16,49,3,18
16,43,2,14
16,22,2,4
16,33,2,13
16,30,2,13
16,42,2,23
16,41,2,23
16,31,2,13
16,58,3,27
16,54,2,24
16,50,3,4
16,20,2,13
16,63,2,35
16,53,2,23
16,52,2,34
16,62,3,13
16,51,2,23
16,40,2,23
16,55,3,23
16,65,3,24
16,64,3,23
16,61,3,13
16,60,3,13
16,71,3,23
17,16,1,16
17,2,1,2
17,8,1,8
17,1,1,1
17,18,1,18
17,27,1,27
17,6,1,6
17,26,1,26
17,9,1,9
17,28,1,28
17,37,2,27
17,29,2,18
17,19,1,19
17,38,2,27
17,36,1,36
17,5,1,5
17,15,1,15
17,14,1,14
17,4,1,4
17,3,2,1
17,11,2,1
17,13,1,13
17,12,2,1
17,0,2,1
17,10,2,1
17,21,2,1
17,7,1,7
17,39,2,19
17,48,2,28
17,47,2,36
17,46,2,35
17,57,3,27
17,56,3,27
17,35,1,35
17,45,2,35
17,25,1,25
17,34,2,14
17,44,2,26
17,24,1,24
17,23,2,4
17,49,3,18
17,32,2,1
17,58,3,27
17,59,3,28
17,43,2,14
17,22,2,4
17,33,2,13
17,30,2,13
17,42,2,24
17,41,2,24
17,31,2,13
17,54,2,24
17,50,3,4
17,20,2,13
17,63,2,35
17,55,3,24
17,65,3,24
17,64,3,24
17,53,2,24
17,62,3,13
17,51,3,13
17,52,3,13
17,40,3,13
17,61,3,13
17,60,3,13
18,19,1,19
18,8,1,8
18,2,1,2
18,9,1,9
18,29,1,29
18,17,1,17
18,28,1,28
18,16,1,16
18,7,1,7
18,26,1,26
18,1,1,1
18,37,2,27
18,38,2,27
18,36,1,36
18,27,1,27
18,39,2,19
18,48,2,28
18,6,2,5
18,3,2,2
18,11,2,1
18,13,2,2
18,12,2,1
18,0,2,1
18,10,2,1
18,21,2,1
18,49,2,29
18,47,2,36
18,46,2,36
18,57,3,27
18,56,3,27
18,35,2,7
18,45,2,36
18,25,2,5
18,34,2,15
18,44,2,26
18,24,2,7
18,5,1,5
18,15,1,15
18,14,2,5
18,4,2,5
18,58,3,27
18,59,3,28
18,32,2,5
18,23,2,15
18,43,2,15
18,22,2,5
18,33,2,15
18,30,3,5
18,42,3,5
18,41,3,5
18,31,3,5
18,54,2,36
18,50,3,5
18,20,3,5
18,63,3,7
18,53,2,36
18,55,3,36
18,65,3,36
18,64,3,36
18,62,3,26
18,51,3,36
18,52,3,26
18,40,3,15
18,60,3,15
18,61,3,26
19,2,2,7
19,8,1,8
19,17,1,17
19,16,1,16
19,1,2,7
19,9,1,9
19,29,1,29
19,28,1,28
19,7,1,7
19,26,1,26
19,37,2,27
19,38,2,27
19,36,2,7
19,27,1,27
19,39,1,39
19,48,2,28
19,6,2,7
19,3,2,16
19,11,3,7
19,13,2,16
19,12,2,26
19,0,3,7
19,10,2,26
19,21,3,7
19,49,2,29
19,18,1,18
19,47,3,7
19,46,3,7
19,57,3,27
19,56,3,27
19,58,3,27
19,59,3,28
19,35,2,7
19,45,3,7
19,25,2,7
19,34,2,26
19,44,2,26
19,24,2,7
19,15,2,7
19,14,2,7
19,5,2,7
19,4,2,7
19,32,2,26
19,23,2,16
19,43,2,26
19,22,2,26
19,33,2,26
19,30,3,26
19,42,3,7
19,41,3,7
19,31,3,7
19,54,3,7
19,50,3,26
19,20,3,16
19,63,3,7
19,53,3,7
19,40,3,16
19,60,3,26
19,52,3,26
19,61,3,26
19,62,3,26
20,30,1,30
20,21,1,21
20,10,1,10
20,31,1,31
20,11,1,11
20,0,1,0
20,40,1,40
20,1,1,1
20,2,1,2
20,12,1,12
20,3,1,3
20,13,1,13
20,32,1,32
20,22,1,22
20,51,1,51
20,42,1,42
20,52,2,21
20,43,2,21
20,50,1,50
20,61,2,31
20,60,1,60
20,62,2,31
20,41,1,41
20,53,2,22
20,33,2,13
20,23,1,23
20,44,2,32
20,54,2,32
20,34,2,23
20,63,2,31
20,14,2,1
20,5,2,1
20,4,2,1
20,15,2,2
20,6,2,2
20,16,2,13
20,24,2,13
20,25,2,13
20,26,2,13
20,70,2,60
20,71,2,51
20,7,3,1
20,27,3,1
20,35,2,13
20,64,3,22
20,45,3,13
20,55,3,22
20,74,3,41
20,65,3,41
20,73,3,31
20,82,3,41
20,72,3,31
20,81,3,51
20,80,3,51
20,36,2,23
20,17,2,13
20,46,3,13
20,47,3,23
20,37,3,23
20,28,3,13
20,18,3,1
20,19,3,13
20,8,3,1
20,9,3,13
21,1,1,1
21,2,1,2
21,12,2,1
21,32,1,32
21,3,2,1
21,4,1,4
21,14,1,14
21,5,2,1
21,30,2,1
21,20,1,20
21,0,2,1
21,10,1,10
21,50,1,50
21,22,1,22
21,31,1,31
21,15,2,2
21,13,1,13
21,23,1,23
21,40,1,40
21,42,1,42
21,41,1,41
21,33,1,33
21,43,1,43
21,6,2,2
21,16,2,13
21,26,2,4
21,25,2,4
21,24,1,24
21,11,1,11
21,51,1,51
21,63,2,31
21,52,1,52
21,61,2,31
21,60,1,60
21,62,2,31
21,53,2,22
21,54,2,24
21,44,2,32
21,34,2,14
21,70,2,60
21,71,2,51
21,64,3,22
21,45,3,13
21,55,3,22
21,74,3,33
21,65,3,24
21,73,3,31
21,82,3,33
21,72,3,31
21,7,2,4
21,27,2,4
21,17,2,4
21,35,2,13
21,36,2,14
21,37,3,4
21,28,3,4
21,18,3,1
21,29,3,4
21,19,3,4
21,38,3,4
21,8,2,14
21,9,3,4
21,81,3,51
21,80,3,51
21,46,3,13
21,47,3,14
22,2,1,2
22,1,1,1
22,33,1,33
22,21,1,21
22,23,1,23
22,3,1,3
22,12,1,12
22,30,2,1
22,40,1,40
22,51,1,51
22,42,1,42
22,52,1,52
22,43,1,43
22,50,1,50
22,61,2,31
22,60,2,20
22,62,2,31
22,41,1,41
22,10,1,10
22,11,1,11
22,0,2,1
22,20,1,20
22,13,1,13
22,31,1,31
22,53,1,53
22,44,1,44
22,54,2,24
22,34,1,34
22,63,2,31
22,32,1,32
22,14,1,14
22,5,1,5
22,4,1,4
22,24,1,24
22,25,1,25
22,26,1,26
22,16,2,5
22,7,2,4
22,17,2,4
22,6,2,2
22,35,1,35
22,15,1,15
22,27,2,4
22,36,2,5
22,45,2,34
22,46,2,35
22,71,2,51
22,64,2,44
22,55,2,44
22,74,3,33
22,65,3,24
22,73,3,31
22,82,3,33
22,72,3,31
22,70,3,20
22,47,3,5
22,37,3,4
22,28,3,4
22,18,2,5
22,29,3,4
22,19,3,4
22,38,3,4
22,8,2,14
22,9,2,26
22,56,3,34
22,57,3,35
22,66,3,44
22,75,3,44
22,84,3,44
22,81,3,51
22,80,3,51
23,3,2,1
23,2,1,2
23,1,1,1
23,12,2,1
23,32,1,32
23,21,1,21
23,13,1,13
23,24,1,24
23,14,1,14
23,4,1,4
23,5,1,5
23,31,1,31
23,30,2,1
23,26,1,26
23,11,1,11
23,43,1,43
23,0,2,1
23,50,2,10
23,20,1,20
23,10,1,10
23,15,1,15
23,33,1,33
23,40,1,40
23,51,1,51
23,42,1,42
23,41,1,41
23,25,1,25
23,16,1,16
23,6,2,2
23,22,1,22
23,7,2,4
23,27,2,4
23,17,1,17
23,35,1,35
23,34,1,34
23,36,1,36
23,53,1,53
23,44,1,44
23,63,2,31
23,54,2,24
23,52,2,21
23,62,2,31
23,61,2,31
23,45,1,45
23,46,2,35
23,60,2,20
23,47,2,36
23,37,2,36
23,56,2,45
23,55,2,44
23,57,3,35
23,65,2,45
23,71,2,51
23,64,2,44
23,74,3,33
23,73,3,31
23,82,3,33
23,72,3,31
23,28,2,17
23,18,2,5
23,29,3,4
23,19,2,17
23,38,3,4
23,8,2,14
23,9,2,16
23,48,3,17
23,39,3,17
23,58,3,36
23,70,3,20
23,66,3,44
23,75,3,44
23,84,3,44
23,81,3,51
23,80,3,51
23,67,3,45
23,76,3,45
23,86,3,45
24,14,1,14
24,26,1,26
24,15,1,15
24,6,2,2
24,7,1,7
24,27,1,27
24,43,1,43
24,5,1,5
24,4,1,4
24,22,1,22
24,32,1,32
24,31,1,31
24,1,1,1
24,10,1,10
24,54,1,54
24,25,1,25
24,34,1,34
24,3,2,1
24,2,1,2
24,12,2,1
24,44,1,44
24,23,1,23
24,63,2,31
24,46,2,35
24,45,1,45
24,47,2,36
24,37,2,27
24,56,2,45
24,55,2,44
24,57,3,27
24,17,1,17
24,16,1,16
24,11,1,11
24,13,1,13
24,0,2,1
24,21,1,21
24,36,1,36
24,33,1,33
24,65,2,45
24,53,1,53
24,30,2,1
24,42,1,42
24,41,1,41
24,35,1,35
24,20,2,1
24,50,2,10
24,52,2,21
24,62,2,31
24,51,2,21
24,40,2,11
24,61,2,31
24,28,2,17
24,18,2,5
24,29,2,27
24,19,2,17
24,38,2,27
24,8,2,7
24,9,2,7
24,48,3,17
24,39,3,17
24,60,2,21
24,71,3,21
24,64,2,44
24,74,3,33
24,73,3,31
24,82,3,33
24,72,3,31
24,66,3,44
24,75,3,44
24,76,3,45
24,67,3,45
24,86,3,45
24,84,3,44
24,49,3,27
24,58,3,27
24,70,3,21
25,15,1,15
25,14,1,14
25,26,1,26
25,22,1,22
25,32,1,32
25,4,1,4
25,43,1,43
25,31,2,1
25,24,1,24
25,3,2,1
25,2,1,2
25,1,1,1
25,12,2,1
25,34,1,34
25,44,1,44
25,23,1,23
25,5,1,5
25,6,2,2
25,7,1,7
25,27,1,27
25,63,2,32
25,10,1,10
25,54,2,24
25,46,2,35
25,45,1,45
25,47,2,36
25,37,2,27
25,56,2,45
25,55,2,44
25,57,3,27
25,17,1,17
25,16,1,16
25,11,2,1
25,13,1,13
25,0,2,1
25,21,1,21
25,36,1,36
25,33,1,33
25,65,2,45
25,53,1,53
25,30,2,1
25,42,2,21
25,41,2,21
25,35,1,35
25,28,2,17
25,18,1,18
25,29,2,18
25,19,2,8
25,38,2,27
25,8,1,8
25,9,2,7
25,48,3,17
25,39,3,8
25,20,2,1
25,50,2,10
25,52,2,22
25,62,2,32
25,51,2,23
25,40,2,21
25,61,2,32
25,49,3,18
25,58,3,27
25,60,2,21
25,71,3,21
25,64,2,44
25,74,3,33
25,73,3,32
25,82,3,33
25,72,3,32
25,70,3,21
25,66,3,44
25,75,3,44
25,84,3,44
25,67,3,45
25,76,3,45
25,86,3,45
26,25,1,25
26,16,1,16
26,15,1,15
26,1,1,1
26,35,1,35
26,46,2,35
26,45,1,45
26,34,1,34
26,44,1,44
26,24,1,24
26,27,1,27
26,47,2,36
26,2,1,2
26,37,2,27
26,36,1,36
26,17,1,17
26,28,2,17
26,18,1,18
26,7,1,7
26,29,2,18
26,19,2,8
26,38,2,27
26,8,1,8
26,14,1,14
26,6,1,6
26,9,1,9
26,5,1,5
26,4,1,4
26,3,1,3
26,11,2,1
26,13,1,13
26,12,1,12
26,0,2,1
26,10,2,1
26,21,2,1
26,23,1,23
26,56,2,45
26,55,2,44
26,57,3,27
26,48,3,17
26,39,3,8
26,32,1,32
26,33,1,33
26,49,3,18
26,22,1,22
26,30,2,1
26,40,2,22
26,51,2,23
26,42,2,22
26,52,2,22
26,43,2,14
26,50,2,22
26,61,2,33
26,60,2,33
26,62,2,33
26,41,2,22
26,20,2,1
26,31,2,1
26,53,2,22
26,54,2,24
26,63,2,33
26,65,2,45
26,58,3,27
26,64,2,44
26,71,3,22
26,74,3,33
26,73,3,33
26,82,3,33
26,72,3,33
26,70,3,33
26,66,3,44
26,67,3,45
26,76,3,45
26,75,3,44
26,86,3,45
26,84,3,44
27,17,1,17
27,28,1,28
27,16,1,16
27,18,1,18
27,7,1,7
27,26,1,26
27,1,1,1
27,37,1,37
27,29,1,29
27,19,1,19
27,38,1,38
27,8,1,8
27,36,1,36
27,2,1,2
27,39,2,19
27,48,2,28
27,6,2,4
27,9,1,9
27,47,2,36
27,46,2,35
27,57,2,37
27,56,2,37
27,35,1,35
27,45,1,45
27,25,1,25
27,34,1,34
27,44,2,26
27,24,1,24
27,3,2,2
27,11,2,1
27,13,2,2
27,12,2,1
27,0,2,1
27,10,2,1
27,21,2,1
27,49,2,29
27,5,1,5
27,15,1,15
27,14,1,14
27,4,1,4
27,55,2,45
27,66,3,37
27,65,2,45
27,67,3,37
27,76,3,37
27,58,2,38
27,59,3,28
27,32,2,4
27,23,2,4
27,68,3,37
27,43,2,14
27,22,2,4
27,33,2,14
27,30,3,4
27,42,2,24
27,41,2,24
27,31,2,14
27,69,3,38
27,54,2,24
27,53,2,24
27,50,3,4
27,20,3,4
27,63,2,35
27,64,3,24
27,62,2,45
27,51,2,34
27,52,2,34
27,40,3,14
27,61,3,14
27,60,3,14
27,75,3,45
27,74,3,45
27,86,3,45
27,73,3,45
27,82,3,45
27,71,3,34
27,72,3,45
28,29,1,29
28,38,1,38
28,19,1,19
28,39,1,39
28,27,1,27
28,18,1,18
28,1,1,1
28,37,1,37
28,48,1,48
28,17,1,17
28,2,1,2
28,49,2,29
28,16,1,16
28,7,1,7
28,26,1,26
28,8,1,8
28,36,1,36
28,47,2,36
28,46,2,36
28,57,2,37
28,56,2,37
28,3,2,2
28,11,2,1
28,13,2,2
28,12,2,1
28,0,2,1
28,10,2,1
28,21,2,1
28,6,2,7
28,9,1,9
28,35,2,7
28,45,2,36
28,25,2,7
28,34,2,15
28,44,2,26
28,24,2,7
28,55,3,36
28,66,3,37
28,65,3,36
28,67,3,37
28,76,3,37
28,58,2,38
28,59,2,48
28,68,3,37
28,15,1,15
28,14,2,7
28,5,2,7
28,4,2,7
28,69,3,38
28,32,2,15
28,23,2,15
28,43,2,15
28,22,2,15
28,33,2,15
28,30,3,15
28,42,3,7
28,41,3,7
28,31,3,7
28,54,2,36
28,63,3,7
28,64,3,36
28,53,2,36
28,62,3,26
28,51,3,36
28,52,3,26
28,50,3,15
28,20,3,15
28,40,3,15
28,60,3,15
28,61,3,26
29,2,1,2
29,38,1,38
29,19,1,19
29,39,1,39
29,27,1,27
29,18,1,18
29,1,2,2
29,37,1,37
29,48,1,48
29,17,1,17
29,28,1,28
29,49,1,49
29,16,2,7
29,7,1,7
29,26,1,26
29,8,2,7
29,36,1,36
29,47,2,36
29,46,2,36
29,57,2,37
29,56,2,37
29,3,2,2
29,11,2,2
29,13,2,2
29,12,2,2
29,0,2,2
29,10,2,26
29,21,3,7
29,9,1,9
29,6,2,7
29,35,2,26
29,45,2,36
29,25,2,26
29,34,2,26
29,44,2,36
29,24,2,26
29,58,2,38
29,59,2,48
29,55,3,36
29,66,3,37
29,65,3,36
29,67,3,37
29,76,3,37
29,68,3,37
29,15,2,7
29,14,2,7
29,5,2,7
29,4,2,7
29,32,2,26
29,69,3,38
29,23,3,7
29,43,2,26
29,22,2,26
29,33,3,26
29,30,3,26
29,42,3,26
29,41,3,26
29,31,3,7
29,54,2,36
29,63,3,26
29,64,3,36
29,53,3,36
29,62,3,36
29,51,3,36
29,52,3,36
29,50,3,26
29,20,3,26
30,40,1,40
30,2,1,2
30,32,1,32
30,21,1,21
30,22,1,22
30,51,1,51
30,1,1,1
30,42,1,42
30,52,1,52
30,43,1,43
30,50,1,50
30,61,1,61
30,60,1,60
30,62,2,31
30,41,1,41
30,10,1,10
30,11,1,11
30,0,2,1
30,20,1,20
30,12,1,12
30,3,2,1
30,13,1,13
30,31,1,31
30,70,2,60
30,71,2,51
30,53,2,22
30,33,1,33
30,44,2,32
30,54,2,32
30,34,2,23
30,63,2,31
30,23,1,23
30,14,2,1
30,5,2,1
30,4,2,1
30,24,2,13
30,25,2,13
30,26,2,13
30,6,2,2
30,15,2,2
30,16,2,13
30,64,3,22
30,45,3,13
30,55,3,22
30,74,3,33
30,65,3,33
30,73,3,31
30,82,3,33
30,72,2,61
30,7,3,1
30,27,3,1
30,35,2,13
30,81,3,51
30,80,3,51
30,36,2,23
30,91,3,61
30,83,3,61
30,92,3,61
30,46,3,13
30,47,3,23
30,37,3,23
30,17,2,13
30,9,3,13
30,28,3,13
30,18,3,1
30,19,3,13
30,8,3,1
31,32,1,32
31,30,1,30
31,2,1,2
31,42,1,42
31,51,1,51
31,52,1,52
31,40,1,40
31,1,1,1
31,43,1,43
31,50,1,50
31,61,1,61
31,60,1,60
31,62,1,62
31,41,1,41
31,21,1,21
31,10,1,10
31,11,1,11
31,0,2,1
31,20,1,20
31,22,1,22
31,12,1,12
31,3,1,3
31,13,1,13
31,53,1,53
31,33,1,33
31,44,2,32
31,54,2,24
31,34,1,34
31,63,2,32
31,70,2,60
31,71,2,51
31,23,1,23
31,14,1,14
31,5,2,1
31,4,2,1
31,24,1,24
31,25,2,13
31,26,2,13
31,16,2,13
31,7,2,14
31,17,2,13
31,6,2,2
31,35,2,13
31,15,2,2
31,27,2,14
31,36,2,14
31,64,2,53
31,45,2,34
31,55,2,53
31,74,3,33
31,65,3,24
31,73,2,62
31,82,3,33
31,72,2,61
31,81,3,51
31,80,3,51
31,37,3,14
31,28,3,13
31,18,3,1
31,29,3,14
31,19,3,13
31,38,3,14
31,8,2,14
31,9,3,13
31,46,3,13
31,47,3,14
31,91,3,61
31,83,3,61
31,92,3,61
31,66,3,53
31,75,3,53
31,56,3,34
31,84,3,53
31,93,3,62
31,94,3,62
32,22,1,22
32,2,1,2
32,30,1,30
32,21,1,21
32,40,1,40
32,51,1,51
32,1,1,1
32,42,1,42
32,52,1,52
32,43,1,43
32,50,1,50
32,61,1,61
32,60,1,60
32,62,1,62
32,41,1,41
32,10,1,10
32,11,1,11
32,0,2,1
32,20,1,20
32,12,1,12
32,3,1,3
32,13,1,13
32,31,1,31
32,33,1,33
32,53,1,53
32,44,1,44
32,54,2,24
32,34,1,34
32,63,2,31
32,70,2,60
32,71,2,51
32,23,1,23
32,14,1,14
32,5,1,5
32,4,1,4
32,64,2,44
32,45,2,34
32,55,2,44
32,74,3,33
32,65,3,24
32,73,2,62
32,82,3,33
32,72,2,61
32,24,1,24
32,25,1,25
32,26,2,4
32,16,2,5
32,7,2,4
32,17,2,4
32,6,2,2
32,35,1,35
32,15,1,15
32,27,2,4
32,36,2,5
32,46,2,35
32,37,3,4
32,28,3,4
32,18,2,5
32,29,3,4
32,19,3,4
32,38,3,4
32,8,2,14
32,9,3,4
32,47,3,5
32,81,3,51
32,80,3,51
32,66,3,44
32,75,3,44
32,56,3,34
32,84,3,44
32,57,3,35
32,83,3,61
32,92,3,61
32,91,3,61
32,93,3,62
32,94,3,62
33,34,1,34
33,1,1,1
33,53,1,53
33,42,1,42
33,52,1,52
33,41,1,41
33,44,1,44
33,54,1,54
33,62,1,62
33,32,1,32
33,51,1,51
33,63,1,63
33,2,1,2
33,12,1,12
33,31,1,31
33,40,1,40
33,50,1,50
33,61,1,61
33,30,2,1
33,60,1,60
33,3,1,3
33,11,1,11
33,13,1,13
33,0,2,1
33,10,1,10
33,21,1,21
33,71,2,51
33,64,2,44
33,45,1,45
33,55,2,44
33,74,2,63
33,65,2,45
33,73,2,62
33,82,2,63
33,72,2,61
33,43,1,43
33,24,1,24
33,22,1,22
33,23,1,23
33,20,1,20
33,25,1,25
33,46,2,35
33,26,1,26
33,27,2,4
33,47,2,36
33,37,2,36
33,56,2,45
33,57,3,35
33,17,2,4
33,16,1,16
33,7,2,4
33,36,1,36
33,15,1,15
33,14,1,14
33,6,2,2
33,5,1,5
33,4,1,4
33,35,1,35
33,66,3,44
33,75,3,44
33,76,3,45
33,67,3,45
33,86,3,45
33,84,3,44
33,28,3,4
33,18,2,5
33,29,3,4
33,19,3,4
33,38,3,4
33,8,2,14
33,9,2,16
33,83,3,61
33,81,3,51
33,92,3,61
33,91,3,61
33,93,3,62
33,94,3,62
33,85,3,63
33,70,2,60
33,48,3,36
33,39,3,36
33,58,3,36
33,80,3,51
34,3,2,1
34,2,1,2
34,1,1,1
34,12,2,1
34,32,1,32
34,25,1,25
34,24,1,24
34,44,1,44
34,23,1,23
34,14,1,14
34,5,1,5
34,4,1,4
34,26,1,26
34,15,1,15
34,6,2,2
34,7,1,7
34,27,1,27
34,43,1,43
34,63,2,31
34,22,1,22
34,31,1,31
34,10,1,10
34,54,1,54
34,46,2,35
34,45,1,45
34,47,2,36
34,37,2,27
34,56,2,45
34,55,2,44
34,57,3,27
34,17,1,17
34,16,1,16
34,11,1,11
34,13,1,13
34,0,2,1
34,21,1,21
34,36,1,36
34,33,1,33
34,65,2,45
34,53,1,53
34,30,2,1
34,42,1,42
34,41,1,41
34,35,1,35
34,50,2,10
34,20,2,1
34,52,1,52
34,62,2,31
34,51,1,51
34,40,2,11
34,61,2,31
34,38,2,27
34,48,3,17
34,28,2,17
34,39,3,17
34,29,2,27
34,18,2,5
34,19,2,17
34,8,2,7
34,66,3,44
34,67,3,45
34,76,3,45
34,64,2,44
34,75,3,44
34,74,3,33
34,86,3,45
34,60,2,21
34,71,2,51
34,73,3,31
34,82,3,33
34,72,3,31
34,9,2,7
34,84,3,44
34,49,3,27
34,58,3,27
34,70,3,21
34,81,3,51
34,80,3,51
35,34,1,34
35,25,1,25
35,24,1,24
35,1,1,1
35,46,1,46
35,26,1,26
35,45,1,45
35,44,1,44
35,27,1,27
35,47,2,36
35,2,1,2
35,37,2,27
35,56,2,45
35,55,2,44
35,57,2,46
35,38,2,27
35,48,3,17
35,28,2,17
35,39,3,8
35,29,2,18
35,17,1,17
35,16,1,16
35,18,1,18
35,7,1,7
35,19,2,8
35,8,1,8
35,3,1,3
35,11,2,1
35,13,1,13
35,12,1,12
35,0,2,1
35,10,2,1
35,21,1,21
35,36,1,36
35,15,1,15
35,14,1,14
35,6,2,4
35,9,2,7
35,5,1,5
35,4,1,4
35,33,1,33
35,23,1,23
35,66,3,44
35,65,2,45
35,67,3,45
35,76,3,45
35,32,1,32
35,64,2,44
35,53,1,53
35,54,1,54
35,75,3,44
35,74,3,33
35,86,3,45
35,62,2,32
35,63,2,32
35,43,1,43
35,68,3,46
35,58,3,27
35,59,3,46
35,22,1,22
35,30,2,1
35,40,2,21
35,51,2,23
35,42,1,42
35,52,2,22
35,50,2,21
35,61,2,32
35,60,2,21
35,41,1,41
35,20,2,1
35,31,2,1
35,71,3,21
35,73,3,32
35,82,3,33
35,72,3,32
35,84,3,44
35,49,3,18
35,70,3,21
36,35,1,35
36,46,1,46
36,26,1,26
36,45,1,45
36,25,1,25
36,1,1,1
36,37,1,37
36,34,1,34
36,44,1,44
36,24,1,24
36,27,1,27
36,47,1,47
36,2,1,2
36,56,2,37
36,55,2,44
36,57,2,37
36,38,2,27
36,48,2,37
36,28,2,17
36,39,2,37
36,29,2,18
36,17,1,17
36,16,1,16
36,18,1,18
36,7,1,7
36,19,2,8
36,8,1,8
36,3,2,1
36,11,2,1
36,13,1,13
36,12,2,1
36,0,2,1
36,10,2,1
36,21,2,1
36,66,3,37
36,65,2,45
36,67,3,37
36,76,3,37
36,15,1,15
36,14,1,14
36,6,2,4
36,9,2,7
36,5,1,5
36,4,1,4
36,49,3,18
36,32,1,32
36,33,1,33
36,23,1,23
36,64,2,44
36,54,1,54
36,68,3,37
36,58,2,47
36,53,1,53
36,59,3,37
36,75,3,44
36,74,3,33
36,86,3,45
36,62,2,33
36,63,2,33
36,43,1,43
36,22,2,4
36,30,2,13
36,40,2,23
36,51,2,23
36,42,2,23
36,52,2,33
36,50,2,33
36,61,2,33
36,60,2,33
36,41,2,23
36,20,2,13
36,31,2,13
36,69,3,47
36,73,3,33
36,82,3,33
36,71,3,23
36,72,3,33
36,84,3,44
36,70,3,33
37,47,1,47
37,38,1,38
37,48,1,48
37,46,1,46
37,57,1,57
37,1,1,1
37,36,1,36
37,28,1,28
37,27,1,27
37,39,1,39
37,56,1,56
37,29,1,29
37,2,1,2
37,45,1,45
37,55,2,44
37,44,1,44
37,35,1,35
37,26,1,26
37,25,1,25
37,34,1,34
37,24,1,24
37,19,2,8
37,18,1,18
37,17,1,17
37,16,1,16
37,7,1,7
37,8,1,8
37,49,2,29
37,66,2,56
37,65,2,45
37,67,2,56
37,76,2,56
37,3,2,2
37,11,2,1
37,13,2,2
37,12,2,1
37,0,2,1
37,10,2,1
37,21,2,1
37,58,2,38
37,59,2,48
37,68,2,57
37,77,3,56
37,78,3,56
37,86,3,45
37,69,3,38
37,75,3,44
37,6,2,7
37,9,1,9
37,64,2,44
37,74,3,44
37,54,2,24
37,53,2,24
37,32,2,15
37,15,1,15
37,14,2,7
37,43,2,15
37,63,2,35
37,5,2,7
37,4,2,7
37,33,2,15
37,23,2,15
37,22,2,15
37,30,3,15
37,42,2,24
37,41,2,24
37,31,2,24
37,62,2,44
37,52,2,34
37,51,2,34
37,50,3,15
37,20,3,15
37,88,3,57
37,79,3,57
37,85,3,56
37,87,3,56
37,40,3,15
37,61,2,44
37,60,3,15
37,73,3,44
37,82,3,44
37,71,3,34
37,72,3,44
37,84,3,44
37,70,3,44
38,2,2,7
38,47,1,47
38,58,1,58
38,39,1,39
38,49,1,49
38,59,2,48
38,1,2,7
38,46,2,36
38,57,1,57
38,28,1,28
38,27,1,27
38,29,1,29
38,36,1,36
38,56,2,37
38,37,1,37
38,19,2,9
38,18,1,18
38,17,1,17
38,3,2,15
38,11,2,15
38,13,2,15
38,12,2,15
38,0,3,7
38,48,1,48
38,45,2,36
38,55,3,36
38,44,2,36
38,35,2,15
38,26,1,26
38,25,2,15
38,34,2,15
38,24,2,15
38,16,2,7
38,7,1,7
38,8,2,7
38,66,2,57
38,65,3,36
38,67,2,57
38,76,3,37
38,10,2,15
38,21,3,7
38,68,2,57
38,77,3,57
38,78,3,57
38,86,3,57
38,69,2,58
38,75,3,57
38,6,2,7
38,9,1,9
38,15,1,15
38,14,2,7
38,32,2,15
38,54,2,36
38,79,3,58
38,5,2,7
38,4,2,7
38,23,2,15
38,43,2,15
38,22,2,15
38,33,3,15
38,30,3,15
38,42,3,15
38,41,3,15
38,31,3,7
38,63,3,15
38,64,3,36
38,53,3,36
38,62,3,36
38,51,3,36
38,52,3,36
38,50,3,15
38,20,3,15
39,29,1,29
39,49,1,49
39,38,1,38
39,28,1,28
39,48,1,48
39,19,1,19
39,1,2,7
39,37,1,37
39,2,2,7
39,27,1,27
39,18,1,18
39,17,1,17
39,47,2,36
39,46,2,36
39,57,2,37
39,36,1,36
39,56,2,37
39,16,1,16
39,7,1,7
39,26,2,7
39,8,1,8
39,3,2,16
39,11,3,7
39,13,2,16
39,12,3,7
39,0,3,7
39,10,3,7
39,21,3,7
39,58,2,38
39,59,2,48
39,45,2,36
39,55,3,36
39,44,2,36
39,35,2,7
39,25,2,7
39,34,2,36
39,24,2,7
39,66,3,37
39,65,3,36
39,67,3,37
39,76,3,37
39,9,1,9
39,68,3,37
39,6,2,7
39,15,2,7
39,69,3,38
39,32,2,36
39,5,2,7
39,14,2,7
39,4,2,7
39,23,2,16
39,43,2,36
39,22,2,36
39,54,2,36
39,63,3,7
39,31,3,7
39,33,2,36
39,64,3,36
39,53,2,36
39,62,3,36
39,30,3,36
39,51,3,36
39,42,3,7
39,52,3,36
39,50,3,36
39,41,3,7
39,20,3,16
39,40,3,16
39,60,3,36
40,1,1,1
40,60,1,60
40,51,1,51
40,30,1,30
40,41,1,41
40,61,1,61
40,2,2,1
40,32,1,32
40,70,2,60
40,71,2,51
40,52,1,52
40,42,1,42
40,31,1,31
40,43,1,43
40,62,1,62
40,0,2,1
40,11,1,11
40,10,1,10
40,21,1,21
40,12,1,12
40,3,2,1
40,13,2,1
40,50,1,50
40,22,1,22
40,20,1,20
40,53,2,22
40,33,1,33
40,44,2,32
40,54,2,32
40,34,2,32
40,63,2,31
40,23,2,1
40,14,2,1
40,5,2,1
40,4,2,1
40,24,2,21
40,25,2,22
40,26,2,22
40,6,3,1
40,15,2,11
40,16,2,33
40,64,2,62
40,45,3,22
40,55,3,22
40,74,3,33
40,65,3,33
40,73,2,62
40,82,3,33
40,72,2,61
40,81,3,51
40,80,3,51
40,7,3,1
40,27,3,1
40,35,2,22
40,91,3,61
40,83,3,61
40,92,3,61
40,36,2,33
40,46,3,22
40,47,3,33
40,37,3,33
40,93,3,62
40,94,3,62
40,66,3,62
40,75,3,62
40,84,3,62
40,17,3,1
40,9,3,22
40,18,3,1
40,8,3,1
41,42,1,42
41,51,1,51
41,52,1,52
41,31,1,31
41,40,1,40
41,1,1,1
41,43,1,43
41,32,1,32
41,50,1,50
41,61,1,61
41,30,1,30
41,60,1,60
41,62,1,62
41,2,1,2
41,53,1,53
41,33,1,33
41,44,1,44
41,54,1,54
41,34,1,34
41,63,1,63
41,70,2,60
41,71,2,51
41,3,2,1
41,11,1,11
41,13,1,13
41,12,1,12
41,0,2,1
41,10,1,10
41,21,1,21
41,22,1,22
41,20,1,20
41,64,2,44
41,45,2,34
41,55,2,44
41,74,2,63
41,65,2,54
41,73,2,62
41,82,2,63
41,72,2,61
41,23,1,23
41,14,2,1
41,5,2,1
41,4,2,1
41,24,2,13
41,25,2,13
41,26,2,13
41,6,3,1
41,15,2,11
41,16,2,13
41,83,3,61
41,81,3,51
41,92,3,61
41,91,3,61
41,93,3,62
41,94,3,62
41,66,3,44
41,75,3,44
41,84,3,44
41,85,3,63
41,76,3,54
41,56,3,34
41,67,3,54
41,86,3,54
41,46,2,44
41,36,2,23
41,35,2,13
41,80,3,51
41,7,2,34
41,27,2,34
41,47,3,23
41,37,3,23
41,17,2,13
41,9,3,13
41,28,3,13
41,18,3,1
41,19,3,13
41,8,3,1
41,38,3,34
41,29,3,34
41,57,3,44
42,2,1,2
42,51,1,51
42,52,1,52
42,31,1,31
42,40,1,40
42,1,1,1
42,43,1,43
42,32,1,32
42,50,1,50
42,61,1,61
42,30,2,1
42,60,1,60
42,62,1,62
42,41,1,41
42,53,1,53
42,33,1,33
42,44,1,44
42,54,1,54
42,34,1,34
42,63,1,63
42,3,2,1
42,11,1,11
42,13,1,13
42,12,1,12
42,0,2,1
42,10,1,10
42,21,1,21
42,70,2,60
42,71,2,51
42,22,1,22
42,20,1,20
42,64,2,44
42,45,1,45
42,55,2,44
42,74,2,63
42,65,2,45
42,73,2,62
42,82,2,63
42,72,2,61
42,23,1,23
42,14,1,14
42,5,2,1
42,4,2,1
42,24,1,24
42,25,2,13
42,26,2,13
42,16,2,13
42,7,2,24
42,17,2,13
42,6,2,14
42,35,1,35
42,15,2,11
42,27,2,24
42,36,2,23
42,46,2,35
42,83,3,61
42,81,3,51
42,92,3,61
42,91,3,61
42,93,3,62
42,94,3,62
42,66,3,44
42,75,3,44
42,84,3,44
42,85,3,63
42,76,3,45
42,56,2,45
42,67,3,45
42,86,3,45
42,80,3,51
42,47,3,23
42,37,3,23
42,9,3,13
42,28,3,13
42,18,2,35
42,19,3,13
42,8,3,1
42,57,3,35
42,38,3,24
42,29,3,24
43,53,1,53
43,42,1,42
43,33,1,33
43,52,1,52
43,41,1,41
43,44,1,44
43,54,1,54
43,62,1,62
43,34,1,34
43,32,1,32
43,51,1,51
43,63,1,63
43,1,1,1
43,2,1,2
43,31,1,31
43,40,1,40
43,50,1,50
43,61,1,61
43,30,2,1
43,60,1,60
43,3,2,1
43,11,1,11
43,13,1,13
43,12,1,12
43,0,2,1
43,10,1,10
43,21,1,21
43,70,2,60
43,71,2,51
43,64,2,44
43,45,1,45
43,55,2,44
43,66,3,44
43,75,3,44
43,76,3,45
43,56,2,45
43,67,3,45
43,74,2,63
43,86,3,45
43,65,2,45
43,73,2,62
43,82,2,63
43,83,3,61
43,81,3,51
43,92,3,61
43,91,3,61
43,72,2,61
43,93,3,62
43,94,3,62
43,22,1,22
43,20,1,20
43,46,2,35
43,23,1,23
43,84,3,44
43,85,3,63
43,14,1,14
43,5,2,1
43,4,2,1
43,24,1,24
43,25,1,25
43,26,2,13
43,16,2,13
43,7,2,14
43,17,2,13
43,6,2,14
43,35,1,35
43,15,1,15
43,27,2,14
43,36,1,36
43,80,3,51
43,47,2,36
43,37,2,36
43,57,3,35
43,38,3,14
43,28,3,13
43,29,3,14
43,18,2,15
43,19,3,13
43,8,2,14
43,9,3,13
43,48,3,36
43,39,3,36
43,58,3,36
44,2,2,13
44,1,2,13
44,32,1,32
44,34,1,34
44,53,1,53
44,14,1,14
44,26,1,26
44,27,1,27
44,43,1,43
44,54,1,54
44,63,1,63
44,22,1,22
44,15,1,15
44,47,2,36
44,35,1,35
44,36,1,36
44,56,2,45
44,55,1,55
44,37,2,27
44,57,2,46
44,25,1,25
44,24,1,24
44,66,2,55
44,65,2,45
44,67,3,45
44,76,3,45
44,3,2,13
44,11,2,13
44,13,1,13
44,12,2,13
44,0,2,13
44,10,2,13
44,21,2,13
44,46,1,46
44,64,1,64
44,75,2,64
44,74,2,63
44,86,3,45
44,62,1,62
44,42,1,42
44,33,1,33
44,41,1,41
44,6,2,14
44,5,2,13
44,4,2,13
44,23,1,23
44,30,2,13
44,31,1,31
44,45,1,45
44,73,2,62
44,84,2,64
44,50,2,22
44,52,1,52
44,51,1,51
44,61,1,61
44,82,2,63
44,71,2,51
44,72,2,61
44,7,2,14
44,17,1,17
44,16,1,16
44,38,2,27
44,48,3,17
44,28,2,17
44,39,3,17
44,29,2,27
44,68,3,46
44,58,3,27
44,59,3,46
44,20,2,13
44,40,2,22
44,60,2,31
44,18,2,15
44,19,2,17
44,8,2,14
44,83,3,61
44,94,3,62
44,85,3,63
44,93,3,62
44,81,3,51
44,92,3,61
44,91,3,61
44,9,2,16
44,49,3,27
44,77,3,55
44,70,2,61
44,80,3,51
44,95,3,64
45,2,1,2
45,47,2,36
45,44,1,44
45,35,1,35
45,1,1,1
45,36,1,36
45,56,1,56
45,55,1,55
45,37,2,27
45,57,2,46
45,26,1,26
45,25,1,25
45,34,1,34
45,24,1,24
45,27,1,27
45,66,2,55
45,65,1,65
45,67,2,56
45,76,2,56
45,38,2,27
45,48,3,17
45,28,2,17
45,39,3,17
45,29,2,27
45,3,2,1
45,11,2,1
45,13,2,2
45,12,2,1
45,0,2,1
45,10,2,1
45,21,2,1
45,46,1,46
45,64,2,44
45,53,1,53
45,54,1,54
45,75,2,65
45,74,2,63
45,86,2,65
45,17,1,17
45,16,1,16
45,18,2,15
45,7,2,14
45,19,2,17
45,8,2,14
45,77,3,55
45,68,3,46
45,78,3,56
45,58,3,27
45,69,3,56
45,62,1,62
45,63,1,63
45,42,1,42
45,33,1,33
45,52,1,52
45,41,2,23
45,32,1,32
45,51,2,23
45,43,1,43
45,59,3,46
45,15,1,15
45,14,1,14
45,6,2,14
45,5,2,14
45,4,2,14
45,23,1,23
45,73,2,62
45,61,2,33
45,82,2,63
45,71,2,52
45,72,2,62
45,84,3,44
45,83,3,62
45,94,3,62
45,85,3,56
45,93,3,62
45,95,3,65
45,87,3,56
45,96,3,65
45,97,3,65
45,22,2,14
45,30,2,23
45,40,2,23
45,50,2,33
45,60,2,33
45,20,2,23
45,31,2,14
45,9,2,16
45,81,3,52
45,92,3,62
45,91,3,62
45,49,3,27
45,70,3,33
45,80,3,52
46,45,1,45
46,1,1,1
46,36,1,36
46,56,1,56
46,47,1,47
46,55,1,55
46,37,1,37
46,57,1,57
46,44,1,44
46,35,1,35
46,26,1,26
46,25,1,25
46,34,1,34
46,24,1,24
46,27,1,27
46,2,1,2
46,66,2,55
46,65,2,45
46,67,2,56
46,76,2,56
46,38,2,27
46,48,2,37
46,28,2,17
46,39,2,37
46,29,2,18
46,3,2,2
46,11,2,1
46,13,2,2
46,12,2,1
46,0,2,1
46,10,2,1
46,21,2,1
46,17,1,17
46,16,1,16
46,18,1,18
46,7,1,7
46,19,2,17
46,8,2,7
46,75,3,44
46,64,2,44
46,74,3,33
46,54,1,54
46,86,3,45
46,77,3,55
46,68,2,57
46,78,3,56
46,58,2,47
46,69,3,47
46,53,1,53
46,49,3,18
46,59,2,57
46,32,2,14
46,62,2,33
46,63,2,33
46,43,1,43
46,15,1,15
46,14,1,14
46,6,2,7
46,5,2,7
46,4,2,7
46,33,1,33
46,23,2,14
46,22,2,14
46,42,2,24
46,41,2,24
46,30,2,33
46,31,2,14
46,73,3,33
46,84,3,44
46,52,2,33
46,51,2,33
46,61,2,33
46,82,3,33
46,71,3,33
46,72,3,33
46,9,2,7
46,50,2,33
46,20,2,33
46,40,2,33
46,60,2,33
46,85,3,56
46,87,3,56
46,88,3,57
46,79,3,57
46,70,3,33
47,2,2,7
47,58,1,58
47,67,2,56
47,68,2,57
47,38,1,38
47,66,2,56
47,59,2,48
47,1,2,7
47,46,1,46
47,65,2,45
47,55,2,44
47,45,1,45
47,76,2,56
47,37,1,37
47,56,1,56
47,48,1,48
47,28,2,17
47,27,1,27
47,39,2,37
47,29,2,18
47,36,1,36
47,77,3,56
47,78,3,56
47,86,3,45
47,69,2,58
47,75,3,44
47,44,1,44
47,35,1,35
47,3,2,15
47,11,2,15
47,13,2,15
47,12,2,15
47,0,3,7
47,49,2,38
47,57,1,57
47,19,2,17
47,18,1,18
47,17,1,17
47,26,1,26
47,25,1,25
47,34,2,15
47,24,2,7
47,16,1,16
47,7,1,7
47,8,2,7
47,10,2,15
47,21,2,15
47,64,2,44
47,54,2,25
47,53,2,25
47,74,3,44
47,32,2,15
47,15,1,15
47,14,2,7
47,6,2,7
47,43,2,15
47,63,2,35
47,5,2,7
47,4,2,7
47,33,2,15
47,23,2,15
47,79,3,57
47,22,2,15
47,30,3,15
47,42,2,35
47,41,2,35
47,31,2,25
47,9,2,7
47,62,2,44
47,52,2,44
47,51,2,44
47,50,3,15
47,20,3,15
47,88,3,57
47,85,3,56
47,87,3,56
47,40,3,15
47,61,2,44
47,60,3,15
47,73,3,44
47,82,3,44
47,71,3,44
47,72,3,44
47,84,3,44
47,70,3,44
48,38,1,38
48,47,1,47
48,1,2,2
48,46,2,36
48,57,1,57
48,28,1,28
48,27,1,27
48,39,1,39
48,29,1,29
48,2,1,2
48,36,1,36
48,56,2,37
48,37,1,37
48,58,1,58
48,49,1,49
48,19,2,8
48,18,1,18
48,17,1,17
48,59,1,59
48,3,2,2
48,11,2,2
48,13,2,2
48,12,2,2
48,0,2,2
48,45,1,45
48,55,2,45
48,44,2,26
48,35,2,7
48,26,1,26
48,25,2,7
48,34,2,26
48,24,2,7
48,16,1,16
48,7,1,7
48,8,1,8
48,66,2,57
48,65,2,45
48,67,2,57
48,76,3,37
48,10,2,26
48,21,3,7
48,68,2,57
48,77,3,57
48,78,3,57
48,86,3,45
48,69,2,58
48,75,3,45
48,9,2,7
48,15,2,7
48,32,2,26
48,6,2,7
48,54,2,36
48,79,3,57
48,5,2,7
48,14,2,7
48,4,2,7
48,23,2,16
48,43,2,26
48,22,2,26
48,33,2,26
48,30,3,26
48,42,2,45
48,41,3,7
48,31,3,7
48,63,2,45
48,64,3,36
48,53,2,36
48,62,2,45
48,51,3,36
48,52,2,45
48,50,3,26
48,20,3,16
48,88,3,57
48,60,3,26
48,40,3,16
48,61,3,26
48,74,3,45
48,73,3,45
48,82,3,45
48,71,3,45
48,72,3,45
49,26,2,17
49,27,1,27
49,7,2,17
49,29,1,29
49,38,1,38
49,28,2,17
49,48,1,48
49,19,2,17
49,1,2,17
49,37,2,27
49,2,2,17
49,18,1,18
49,17,1,17
49,47,2,38
49,46,3,17
49,57,2,38
49,36,2,17
49,56,3,27
49,58,1,58
49,59,1,59
49,39,1,39
49,69,2,58
49,68,2,58
49,67,2,58
49,66,3,38
49,77,3,58
49,78,3,58
49,79,3,58
49,65,3,58
49,76,3,58
49,86,3,58
49,75,3,58
49,3,3,17
49,11,3,17
49,13,2,17
49,12,3,17
49,0,3,17
49,15,2,17
49,16,2,17
49,8,2,17
49,6,2,17
49,9,2,17
49,5,2,17
49,14,2,17
49,4,2,17
49,35,2,17
49,45,3,17
49,25,2,17
49,34,3,17
49,44,3,17
49,24,2,17
49,10,3,17
49,21,3,17
49,32,3,17
49,23,3,17
49,54,3,17
49,43,3,17
49,22,3,17
49,31,3,17
49,88,3,58
49,33,3,17
49,42,3,17
49,41,3,17
49,63,3,17
49,20,3,17
49,53,3,17
50,40,1,40
50,60,1,60
50,51,1,51
50,30,1,30
50,41,1,41
50,61,1,61
50,1,1,1
50,2,1,2
50,70,2,60
50,71,2,51
50,52,1,52
50,42,1,42
50,31,1,31
50,43,1,43
50,32,1,32
50,62,1,62
50,0,2,1
50,11,1,11
50,10,1,10
50,21,1,21
50,12,2,1
50,3,2,1
50,13,2,1
50,53,2,31
50,33,2,21
50,44,2,32
50,54,2,32
50,34,2,32
50,63,2,31
50,22,2,1
50,20,1,20
50,23,2,1
50,14,2,1
50,5,2,1
50,4,2,1
50,24,2,21
50,25,2,32
50,26,2,43
50,6,3,1
50,15,2,11
50,16,3,1
50,64,2,62
50,45,3,31
50,55,3,31
50,74,3,41
50,65,3,41
50,73,2,62
50,82,3,41
50,72,2,61
50,81,3,51
50,80,3,51
50,91,3,61
50,83,3,61
50,92,3,61
50,7,3,1
50,27,3,1
50,35,2,32
50,36,2,43
50,93,3,62
50,94,3,62
50,66,3,62
50,75,3,62
50,84,3,62
50,46,3,32
50,47,3,43
50,37,3,43
50,17,3,1
50,18,3,1
50,8,3,1
51,2,2,1
51,52,1,52
51,40,1,40
51,32,1,32
51,61,1,61
51,30,2,1
51,62,1,62
51,1,1,1
51,12,2,1
51,31,1,31
51,50,1,50
51,43,1,43
51,11,1,11
51,63,1,63
51,22,1,22
51,20,1,20
51,10,1,10
51,54,1,54
51,42,1,42
51,60,1,60
51,53,1,53
51,33,1,33
51,44,2,32
51,34,2,32
51,70,2,60
51,71,1,71
51,3,2,1
51,13,2,1
51,0,2,1
51,21,1,21
51,23,2,1
51,14,2,1
51,41,1,41
51,5,2,1
51,4,2,1
51,24,2,21
51,25,2,22
51,26,2,22
51,6,3,1
51,15,2,11
51,64,2,53
51,45,2,53
51,55,2,53
51,74,2,63
51,65,2,54
51,73,2,62
51,82,2,63
51,72,2,61
51,81,2,71
51,90,3,71
51,91,3,61
51,80,2,71
51,83,3,61
51,92,3,61
51,93,3,62
51,94,3,62
51,66,3,53
51,75,3,53
51,84,3,53
51,85,3,63
51,16,2,33
51,76,3,54
51,56,3,53
51,67,3,54
51,86,3,54
51,46,3,22
51,36,2,33
51,35,2,22
51,7,3,1
51,27,3,1
51,47,3,33
51,37,3,33
51,17,3,1
51,9,3,22
51,18,3,1
51,8,3,1
52,20,1,20
52,50,1,50
52,31,1,31
52,43,1,43
52,51,1,51
52,2,2,1
52,53,1,53
52,32,1,32
52,33,1,33
52,62,1,62
52,61,1,61
52,40,1,40
52,1,1,1
52,12,2,1
52,14,2,1
52,30,2,1
52,11,2,1
52,63,1,63
52,22,1,22
52,10,1,10
52,54,1,54
52,60,1,60
52,41,1,41
52,44,1,44
52,34,1,34
52,3,2,1
52,13,2,1
52,0,2,1
52,21,1,21
52,23,2,1
52,5,2,1
52,4,2,1
52,24,2,21
52,25,2,22
52,26,2,22
52,6,3,1
52,15,2,22
52,42,1,42
52,70,2,60
52,71,1,71
52,64,2,44
52,45,2,34
52,55,2,44
52,74,2,63
52,65,2,54
52,73,2,62
52,82,2,63
52,72,2,61
52,83,3,61
52,81,2,71
52,92,3,61
52,91,3,61
52,93,3,62
52,94,3,62
52,66,3,44
52,75,3,44
52,84,3,44
52,85,3,63
52,90,3,71
52,80,2,71
52,76,3,54
52,56,3,34
52,67,3,54
52,86,3,54
52,46,2,44
52,36,2,33
52,35,2,22
52,16,2,33
52,7,2,34
52,27,2,34
52,47,3,33
52,37,3,33
52,17,2,34
52,9,3,22
52,18,3,1
52,8,3,1
52,57,3,44
52,38,3,34
52,28,3,34
52,29,3,34
52,19,3,34
53,1,2,10
53,42,1,42
53,33,1,33
53,52,1,52
53,41,1,41
53,44,1,44
53,54,1,54
53,62,1,62
53,34,1,34
53,32,1,32
53,51,1,51
53,63,1,63
53,2,2,10
53,12,2,10
53,14,1,14
53,30,2,10
53,26,2,14
53,11,2,10
53,50,1,50
53,22,1,22
53,31,1,31
53,20,2,10
53,15,1,15
53,10,1,10
53,40,1,40
53,61,1,61
53,60,1,60
53,3,2,10
53,13,2,14
53,0,2,10
53,21,1,21
53,71,2,51
53,64,1,64
53,45,1,45
53,55,1,55
53,74,2,63
53,65,2,45
53,73,2,62
53,82,2,63
53,72,2,61
53,23,1,23
53,5,2,14
53,4,2,14
53,24,1,24
53,25,1,25
53,6,2,14
53,43,1,43
53,66,2,55
53,75,2,64
53,76,3,45
53,56,2,45
53,67,3,45
53,86,3,45
53,46,2,35
53,36,1,36
53,35,1,35
53,84,2,64
53,27,2,14
53,16,2,14
53,83,3,61
53,81,3,51
53,92,3,61
53,91,3,61
53,93,3,62
53,94,3,62
53,85,3,63
53,57,3,35
53,47,2,36
53,37,2,36
53,70,2,60
53,7,2,14
53,17,2,14
53,38,3,14
53,28,3,14
53,29,3,14
53,18,2,15
53,19,3,14
53,8,2,14
53,80,3,51
53,77,3,55
53,9,3,14
53,48,3,36
53,39,3,36
53,58,3,36
53,95,3,64
54,53,1,53
54,64,1,64
54,2,1,2
54,55,1,55
54,44,1,44
54,63,1,63
54,62,1,62
54,1,1,1
54,42,1,42
54,33,1,33
54,52,1,52
54,41,1,41
54,34,1,34
54,32,1,32
54,51,1,51
54,43,1,43
54,45,1,45
54,66,2,55
54,75,2,64
54,76,2,65
54,56,2,45
54,67,2,65
54,74,2,63
54,86,2,65
54,65,1,65
54,3,2,1
54,11,2,1
54,13,2,2
54,12,2,1
54,0,2,1
54,10,2,1
54,21,2,1
54,57,3,35
54,46,2,35
54,47,2,36
54,37,2,36
54,36,1,36
54,35,1,35
54,73,2,62
54,61,1,61
54,82,2,63
54,71,2,51
54,83,3,61
54,81,3,51
54,92,3,61
54,91,3,61
54,72,2,61
54,93,3,62
54,94,3,62
54,31,1,31
54,40,2,31
54,50,2,31
54,30,2,31
54,60,1,60
54,77,3,55
54,68,3,65
54,78,3,65
54,58,3,36
54,69,3,65
54,84,2,64
54,85,3,63
54,26,2,24
54,25,1,25
54,24,1,24
54,27,2,24
54,95,3,64
54,87,3,65
54,96,3,65
54,97,3,65
54,22,2,24
54,23,2,24
54,20,2,31
54,14,2,24
54,15,2,24
54,5,2,24
54,4,2,24
54,6,2,25
54,16,2,24
54,7,2,24
54,17,2,24
54,38,3,24
54,28,3,24
54,29,3,24
54,18,2,25
54,19,3,24
54,8,2,25
54,70,2,60
54,80,3,51
54,48,3,36
54,39,3,36
54,9,3,24
55,45,1,45
55,2,1,2
55,54,1,54
55,44,1,44
55,64,1,64
55,66,1,66
55,75,2,64
55,76,2,56
55,1,1,1
55,56,1,56
55,67,2,56
55,74,2,63
55,86,2,65
55,65,1,65
55,57,2,46
55,46,1,46
55,47,2,36
55,37,2,27
55,36,1,36
55,35,1,35
55,53,1,53
55,3,2,2
55,11,2,1
55,13,2,2
55,12,2,1
55,0,2,1
55,10,2,1
55,21,2,1
55,62,1,62
55,63,1,63
55,42,1,42
55,33,1,33
55,52,1,52
55,41,1,41
55,34,1,34
55,32,1,32
55,51,1,51
55,43,1,43
55,77,2,66
55,68,3,46
55,78,3,56
55,58,3,27
55,69,3,56
55,38,2,27
55,48,3,27
55,28,2,27
55,27,1,27
55,39,3,27
55,29,2,27
55,26,1,26
55,25,1,25
55,24,1,24
55,73,2,62
55,61,1,61
55,82,2,63
55,71,2,51
55,72,2,61
55,84,2,64
55,83,3,61
55,94,3,62
55,85,3,56
55,93,3,62
55,95,3,64
55,87,3,56
55,96,3,65
55,97,3,65
55,59,3,46
55,22,2,24
55,23,2,24
55,30,2,32
55,40,2,33
55,50,2,33
55,60,2,33
55,20,2,33
55,31,2,24
55,14,2,24
55,15,2,24
55,6,2,25
55,5,2,24
55,4,2,24
55,7,2,24
55,81,3,51
55,92,3,61
55,91,3,61
55,16,2,24
55,17,2,24
55,18,2,25
55,19,2,27
55,8,2,25
55,9,2,26
55,70,2,61
55,80,3,51
55,88,3,66
55,79,3,66
55,49,3,27
56,57,1,57
56,66,1,66
56,46,1,46
56,65,1,65
56,67,1,67
56,55,1,55
56,47,1,47
56,45,1,45
56,76,1,76
56,1,1,1
56,37,1,37
56,2,1,2
56,36,1,36
56,44,1,44
56,35,1,35
56,75,2,65
56,64,2,44
56,74,2,65
56,54,1,54
56,86,2,65
56,77,2,66
56,68,2,57
56,78,2,67
56,58,2,47
56,69,2,67
56,38,2,27
56,48,2,37
56,28,2,27
56,27,1,27
56,39,2,37
56,29,2,27
56,3,2,2
56,11,2,1
56,13,2,2
56,12,2,1
56,0,2,1
56,10,2,1
56,21,2,1
56,59,2,57
56,26,1,26
56,25,1,25
56,34,1,34
56,24,2,25
56,53,1,53
56,19,2,27
56,18,2,25
56,17,2,25
56,16,2,25
56,7,2,25
56,8,2,25
56,49,3,27
56,73,3,44
56,84,3,44
56,83,3,65
56,94,3,65
56,85,2,76
56,93,3,65
56,82,3,44
56,63,2,35
56,62,2,44
56,72,3,44
56,95,3,65
56,43,2,25
56,87,2,76
56,96,3,65
56,97,3,65
56,88,3,57
56,79,3,57
56,89,3,67
56,32,2,25
56,14,2,25
56,15,2,25
56,6,2,25
56,5,2,25
56,4,2,25
56,33,2,25
56,23,2,25
56,42,2,34
56,41,2,34
56,22,2,25
56,30,2,53
56,31,2,25
56,52,2,34
56,51,2,34
56,61,2,44
56,71,3,34
56,9,2,26
56,50,2,53
56,20,3,25
56,98,3,76
56,40,2,53
56,60,2,53
56,70,3,44
57,47,1,47
57,1,2,2
57,66,1,66
57,46,1,46
57,65,2,45
57,67,1,67
57,55,2,44
57,45,1,45
57,76,2,56
57,2,1,2
57,37,1,37
57,56,1,56
57,48,1,48
57,58,1,58
57,38,1,38
57,28,2,17
57,27,1,27
57,39,2,37
57,29,2,18
57,36,1,36
57,77,2,66
57,68,1,68
57,78,2,67
57,86,2,66
57,69,2,58
57,75,2,66
57,44,1,44
57,35,1,35
57,59,1,59
57,3,2,2
57,11,2,2
57,13,2,2
57,12,2,2
57,0,2,2
57,64,2,44
57,74,3,44
57,54,1,54
57,10,2,26
57,21,3,17
57,49,2,38
57,19,2,17
57,18,1,18
57,17,1,17
57,26,1,26
57,25,2,17
57,34,2,26
57,24,2,17
57,16,2,17
57,7,2,17
57,8,2,17
57,53,2,36
57,88,2,68
57,79,2,68
57,87,3,56
57,89,3,67
57,85,3,56
57,96,3,66
57,95,3,66
57,97,3,66
57,84,3,44
57,15,2,17
57,32,2,26
57,43,2,26
57,63,2,35
57,6,2,17
57,14,2,17
57,5,2,17
57,4,2,17
57,33,2,26
57,23,2,26
57,73,3,44
57,62,2,44
57,9,2,17
57,22,2,26
57,31,2,35
57,42,2,35
57,52,2,44
57,41,2,35
57,51,2,44
57,61,2,44
57,82,3,44
57,71,3,44
57,72,3,44
57,30,3,26
57,50,3,26
57,20,3,17
57,99,3,68
57,98,3,68
57,40,3,26
57,60,2,54
57,70,3,44
58,59,1,59
58,69,1,69
58,2,2,27
58,38,1,38
58,47,1,47
58,39,2,38
58,49,1,49
58,1,2,27
58,46,2,45
58,57,1,57
58,28,2,27
58,27,1,27
58,29,2,27
58,36,2,27
58,56,2,45
58,37,2,27
58,19,2,27
58,18,2,27
58,17,2,27
58,3,3,27
58,11,3,27
58,13,3,27
58,12,3,27
58,0,3,27
58,48,1,48
58,67,1,67
58,68,1,68
58,66,2,57
58,65,2,45
58,55,2,45
58,45,1,45
58,76,2,67
58,77,2,67
58,78,2,67
58,86,2,67
58,75,2,67
58,44,2,45
58,35,2,27
58,64,3,45
58,74,3,45
58,54,2,45
58,79,2,68
58,88,2,68
58,87,3,67
58,89,3,67
58,26,2,27
58,16,2,27
58,7,2,27
58,8,2,27
58,85,3,67
58,96,3,67
58,95,3,67
58,97,3,67
58,84,3,67
58,15,2,27
58,25,2,27
58,34,2,45
58,24,2,45
58,32,2,45
58,5,2,27
58,14,2,27
58,4,2,27
58,6,2,27
58,9,2,27
58,10,3,27
58,21,3,27
58,23,2,45
58,99,3,68
58,98,3,68
58,43,2,45
58,22,2,45
58,53,2,45
58,63,2,45
58,62,2,45
58,31,3,27
58,41,3,27
58,33,2,45
58,73,3,45
58,42,2,45
58,60,3,45
58,52,2,45
58,61,3,45
58,51,3,45
58,82,3,45
58,71,3,45
58,72,3,45
58,30,3,45
58,40,3,45
58,50,3,45
58,20,3,45
59,58,1,58
59,69,1,69
59,49,1,49
59,68,1,68
59,2,2,27
59,38,2,27
59,47,2,48
59,39,2,48
59,1,2,27
59,46,2,57
59,57,1,57
59,28,2,27
59,27,1,27
59,29,2,27
59,36,2,27
59,56,2,57
59,37,2,27
59,19,2,27
59,18,2,27
59,17,2,27
59,3,3,27
59,11,3,27
59,13,3,27
59,12,3,27
59,0,3,27
59,48,1,48
59,67,2,57
59,66,2,57
59,65,3,57
59,55,3,57
59,45,3,27
59,76,2,68
59,77,2,68
59,78,2,68
59,86,3,57
59,75,3,57
59,44,2,57
59,35,2,27
59,79,2,68
59,88,2,68
59,87,3,68
59,89,3,68
59,26,2,27
59,7,2,27
59,54,2,57
59,16,2,27
59,8,2,27
59,15,2,27
59,5,2,27
59,14,2,27
59,4,2,27
59,6,2,27
59,99,3,68
59,98,3,68
59,25,2,27
59,34,3,27
59,24,3,27
59,10,3,27
59,9,2,27
59,32,3,27
59,43,3,27
59,22,3,27
59,64,3,57
59,53,3,48
59,63,3,27
59,62,3,57
59,31,3,27
59,85,3,68
59,97,3,68
59,41,3,27
59,21,3,27
59,23,3,27
59,33,3,27
59,42,3,27
59,60,3,57
59,52,3,57
59,61,3,57
60,61,1,61
60,51,1,51
60,70,1,70
60,1,1,1
60,50,1,50
60,71,1,71
60,52,1,52
60,40,1,40
60,41,1,41
60,30,2,10
60,2,1,2
60,42,1,42
60,31,1,31
60,43,1,43
60,32,1,32
60,62,1,62
60,0,2,1
60,11,2,1
60,10,1,10
60,21,1,21
60,12,2,1
60,3,2,1
60,13,2,2
60,53,1,53
60,33,2,21
60,44,2,41
60,54,2,41
60,34,2,41
60,63,1,63
60,22,2,10
60,20,1,20
60,23,2,21
60,81,2,70
60,90,3,70
60,91,3,61
60,80,2,70
60,82,2,63
60,73,2,62
60,83,3,61
60,92,3,61
60,74,2,63
60,93,3,62
60,94,3,62
60,64,2,53
60,72,2,61
60,14,2,21
60,45,2,53
60,55,2,53
60,66,3,53
60,75,3,53
60,65,3,41
60,84,3,53
60,85,3,63
60,5,3,10
60,4,2,21
60,24,2,21
60,25,2,43
60,26,2,43
60,6,3,20
60,15,2,43
60,35,2,42
60,7,3,21
60,27,3,21
60,16,3,21
60,36,2,43
60,46,3,42
60,47,3,43
60,37,3,43
60,56,3,53
60,17,3,21
60,18,3,42
60,8,3,21
61,2,2,10
61,51,1,51
61,70,1,70
61,71,1,71
61,52,1,52
61,40,1,40
61,1,2,10
61,32,1,32
61,30,2,10
61,50,1,50
61,43,1,43
61,63,1,63
61,31,1,31
61,20,2,10
61,10,1,10
61,41,1,41
61,42,1,42
61,62,1,62
61,0,2,10
61,11,2,10
61,21,2,10
61,12,2,10
61,3,2,10
61,13,2,31
61,33,1,33
61,22,2,10
61,23,2,31
61,60,1,60
61,54,1,54
61,81,2,70
61,90,3,70
61,91,2,72
61,80,2,70
61,82,2,63
61,73,2,62
61,83,2,72
61,92,2,72
61,74,2,63
61,93,3,62
61,94,3,62
61,64,2,53
61,53,1,53
61,72,1,72
61,44,2,32
61,34,2,32
61,45,2,53
61,55,2,53
61,66,3,53
61,75,3,53
61,65,2,54
61,84,3,53
61,85,3,63
61,14,2,31
61,5,2,32
61,4,2,32
61,24,2,32
61,25,2,32
61,26,2,33
61,6,3,31
61,15,2,32
61,76,3,54
61,56,3,53
61,67,3,54
61,86,3,54
61,46,3,32
61,36,2,33
61,35,2,32
61,16,2,33
61,7,3,31
61,27,3,31
61,47,3,33
61,37,3,33
61,17,3,31
61,9,3,33
61,18,3,32
61,8,3,32
62,2,2,31
62,73,1,73
62,64,1,64
62,52,1,52
62,53,1,53
62,61,1,61
62,82,2,63
62,71,1,71
62,1,2,31
62,32,1,32
62,43,1,43
62,54,1,54
62,50,1,50
62,31,1,31
62,10,2,31
62,83,2,72
62,81,2,71
62,92,2,72
62,74,2,63
62,91,2,72
62,72,1,72
62,93,2,73
62,94,2,73
62,42,1,42
62,33,1,33
62,41,1,41
62,44,1,44
62,34,1,34
62,51,1,51
62,3,2,31
62,11,2,31
62,13,2,31
62,12,2,31
62,0,2,31
62,21,2,31
62,45,1,45
62,55,2,44
62,66,2,64
62,75,2,64
62,65,2,45
62,84,2,64
62,85,3,63
62,30,2,31
62,22,2,31
62,23,2,31
62,63,1,63
62,20,2,31
62,14,2,31
62,15,2,32
62,76,3,45
62,56,2,45
62,67,3,45
62,86,3,45
62,46,2,44
62,36,2,33
62,35,2,32
62,40,1,40
62,60,1,60
62,5,2,32
62,4,2,32
62,24,2,32
62,25,2,32
62,26,2,33
62,6,3,31
62,70,2,60
62,90,3,71
62,80,2,71
62,16,2,33
62,27,2,34
62,7,2,34
62,95,3,64
62,57,3,44
62,77,3,64
62,47,3,33
62,37,3,33
62,17,2,34
62,9,3,33
62,18,3,32
62,8,3,32
62,38,3,34
62,28,3,34
62,29,3,34
62,19,3,34
63,62,1,62
63,2,1,2
63,82,1,82
63,73,1,73
63,83,2,72
63,81,2,71
63,92,2,72
63,71,1,71
63,74,1,74
63,61,1,61
63,91,2,72
63,1,1,1
63,72,1,72
63,54,1,54
63,64,1,64
63,52,1,52
63,53,1,53
63,93,2,73
63,94,2,73
63,42,1,42
63,33,1,33
63,41,1,41
63,44,1,44
63,34,2,33
63,32,1,32
63,51,1,51
63,43,1,43
63,3,2,1
63,11,2,1
63,13,2,2
63,12,2,1
63,0,2,1
63,10,2,1
63,21,2,1
63,45,1,45
63,55,2,44
63,66,2,64
63,75,2,64
63,76,3,45
63,56,2,45
63,67,3,45
63,86,3,45
63,65,2,45
63,84,2,64
63,85,2,74
63,95,3,64
63,31,1,31
63,40,1,40
63,50,1,50
63,30,2,31
63,60,1,60
63,46,2,44
63,96,3,74
63,87,3,74
63,22,2,31
63,23,2,31
63,20,2,31
63,36,2,33
63,35,2,33
63,14,2,31
63,15,2,33
63,70,2,60
63,90,3,71
63,80,2,71
63,26,2,33
63,5,2,33
63,4,2,33
63,24,2,33
63,25,2,33
63,6,3,31
63,27,2,44
63,57,3,44
63,77,3,64
63,16,2,33
63,7,3,31
63,47,3,33
63,37,3,33
63,17,2,44
63,9,3,33
63,18,3,33
63,8,3,33
63,38,3,44
63,28,3,44
63,29,3,44
63,19,3,44
64,2,1,2
64,53,1,53
64,44,1,44
64,62,1,62
64,45,1,45
64,1,1,1
64,55,1,55
64,63,1,63
64,42,1,42
64,33,1,33
64,52,1,52
64,41,1,41
64,34,1,34
64,32,2,33
64,51,1,51
64,43,1,43
64,66,1,66
64,75,1,75
64,76,2,65
64,56,2,45
64,67,2,65
64,74,1,74
64,86,2,65
64,65,1,65
64,3,2,2
64,11,2,1
64,13,2,2
64,12,2,1
64,0,2,1
64,10,2,1
64,21,2,1
64,54,1,54
64,57,2,66
64,46,2,44
64,47,3,33
64,37,3,33
64,36,2,33
64,35,2,33
64,77,2,66
64,68,3,65
64,78,3,65
64,58,3,65
64,69,3,65
64,73,1,73
64,84,1,84
64,83,2,73
64,94,2,73
64,85,2,74
64,93,2,73
64,82,2,63
64,81,3,51
64,92,2,73
64,71,2,51
64,61,1,61
64,91,3,61
64,72,2,61
64,95,2,84
64,87,3,65
64,96,3,65
64,97,3,65
64,22,2,33
64,31,2,33
64,30,2,33
64,23,2,33
64,26,2,33
64,27,2,34
64,15,2,33
64,50,2,33
64,38,3,34
64,48,3,66
64,59,3,66
64,14,2,33
64,20,2,33
64,40,2,33
64,60,1,60
64,5,2,33
64,4,2,33
64,24,2,33
64,25,2,33
64,6,3,33
64,7,2,34
64,16,2,33
64,17,2,34
64,70,2,60
64,80,3,51
64,28,3,34
64,29,3,34
64,18,3,33
64,19,3,34
64,8,3,33
64,9,3,33
64,88,3,66
64,79,3,66
65,66,1,66
65,75,1,75
65,55,1,55
65,76,1,76
65,64,1,64
65,1,1,1
65,56,1,56
65,67,1,67
65,74,1,74
65,54,1,54
65,86,1,86
65,45,1,45
65,2,1,2
65,57,2,56
65,46,2,36
65,47,2,36
65,37,2,36
65,77,2,66
65,68,2,67
65,78,2,67
65,58,2,67
65,69,2,67
65,3,2,2
65,11,2,1
65,13,2,2
65,12,2,1
65,0,2,1
65,10,2,1
65,21,2,1
65,44,1,44
65,53,1,53
65,36,1,36
65,35,2,36
65,38,3,36
65,48,3,36
65,28,3,36
65,27,2,36
65,39,3,36
65,29,3,36
65,73,2,62
65,84,2,64
65,83,2,74
65,94,2,74
65,85,2,74
65,93,2,74
65,82,2,63
65,63,1,63
65,81,3,62
65,62,1,62
65,92,3,62
65,71,2,62
65,61,2,44
65,91,3,62
65,72,2,62
65,95,2,86
65,42,2,44
65,33,2,36
65,52,2,44
65,41,2,44
65,34,2,36
65,32,2,36
65,51,2,44
65,43,2,36
65,87,2,76
65,96,2,86
65,97,2,86
65,59,3,56
65,88,3,66
65,79,3,66
65,89,3,67
65,26,2,36
65,25,2,36
65,24,2,36
65,15,2,36
65,22,2,36
65,23,2,36
65,30,2,53
65,31,2,44
65,49,3,67
65,98,3,76
65,14,2,36
65,6,2,36
65,5,2,36
65,4,2,36
65,50,2,53
65,20,3,36
65,7,2,36
65,16,2,36
65,17,2,36
65,19,3,36
65,18,2,36
65,8,2,36
65,40,2,53
65,60,2,53
65,70,3,44
65,80,3,62
65,9,3,36
66,2,2,36
66,75,1,75
66,76,1,76
66,64,1,64
66,67,1,67
66,86,1,86
66,45,1,45
66,1,2,36
66,55,1,55
66,56,1,56
66,74,2,63
66,54,1,54
66,57,1,57
66,46,2,36
66,47,2,36
66,37,2,36
66,77,1,77
66,68,2,57
66,78,2,67
66,58,2,57
66,69,2,67
66,3,3,36
66,11,3,36
66,13,2,36
66,12,2,44
66,0,3,36
66,10,2,44
66,21,2,53
66,44,1,44
66,53,1,53
66,73,2,63
66,84,2,64
66,83,3,63
66,94,3,63
66,85,2,75
66,93,3,63
66,82,2,63
66,63,1,63
66,62,2,44
66,72,2,63
66,95,2,86
66,43,2,36
66,87,2,76
66,96,2,86
66,97,2,86
66,65,1,65
66,36,1,36
66,35,2,36
66,38,2,57
66,48,2,57
66,28,3,36
66,27,2,36
66,39,3,36
66,29,3,36
66,59,2,57
66,88,2,77
66,79,2,77
66,89,3,67
66,32,2,36
66,52,2,44
66,71,2,63
66,61,2,44
66,49,3,57
66,34,2,36
66,26,2,36
66,15,2,36
66,42,2,44
66,33,2,36
66,41,2,44
66,22,2,36
66,23,2,36
66,30,2,53
66,31,2,44
66,98,3,76
66,51,2,44
66,50,2,53
66,81,3,63
66,92,3,63
66,91,3,63
66,14,2,36
66,19,3,36
66,18,2,36
66,17,2,36
66,16,2,36
66,7,2,36
66,8,2,36
66,6,2,36
66,5,2,36
66,4,2,36
66,25,2,36
66,24,2,36
66,20,3,36
66,99,3,77
66,40,2,53
66,60,2,53
66,70,3,44
66,80,3,63
66,9,3,36
67,76,1,76
67,77,1,77
67,68,1,68
67,66,1,66
67,1,2,45
67,56,1,56
67,78,1,78
67,57,1,57
67,65,1,65
67,86,1,86
67,58,1,58
67,69,1,69
67,75,1,75
67,46,2,45
67,55,2,45
67,47,2,56
67,45,1,45
67,2,2,45
67,37,2,56
67,64,2,65
67,74,2,65
67,54,2,45
67,36,2,45
67,44,2,45
67,35,2,45
67,38,2,57
67,48,2,57
67,28,3,45
67,27,2,45
67,39,3,56
67,29,3,45
67,3,3,45
67,11,3,45
67,13,3,45
67,12,3,45
67,0,3,45
67,10,3,45
67,21,3,45
67,88,2,68
67,79,2,68
67,87,2,76
67,89,2,78
67,99,3,68
67,98,3,68
67,59,2,57
67,85,2,75
67,96,2,86
67,95,2,86
67,97,2,86
67,84,2,75
67,53,2,45
67,49,2,58
67,73,2,75
67,83,3,65
67,94,3,65
67,93,3,65
67,82,3,45
67,63,2,45
67,62,2,45
67,72,3,45
67,43,2,45
67,32,2,45
67,26,2,45
67,34,2,45
67,22,2,45
67,31,3,45
67,52,2,45
67,71,3,45
67,61,3,45
67,15,2,45
67,50,3,45
67,19,3,45
67,18,2,57
67,17,2,45
67,16,2,45
67,7,3,45
67,8,3,45
67,14,2,45
67,6,3,45
67,5,3,45
67,4,3,45
67,25,2,45
67,24,2,45
67,41,3,45
67,33,2,45
67,23,2,45
67,9,3,45
67,92,3,75
67,42,2,45
67,60,3,45
67,40,3,45
67,51,3,45
67,30,3,45
67,20,3,45
68,59,1,59
68,58,1,58
68,79,1,79
68,78,1,78
68,77,1,77
68,67,1,67
68,88,1,88
68,87,2,76
68,76,1,76
68,89,2,78
68,86,2,67
68,66,2,57
68,57,1,57
68,65,2,67
68,75,2,67
68,56,2,57
68,47,2,57
68,49,2,58
68,38,2,57
68,48,2,57
68,69,1,69
68,54,2,57
68,1,3,57
68,46,2,57
68,55,3,57
68,45,3,57
68,2,2,57
68,37,2,57
68,64,3,57
68,74,3,67
68,85,2,76
68,96,3,67
68,95,3,67
68,97,2,88
68,84,3,67
68,99,2,79
68,98,2,79
68,27,2,57
68,39,3,57
68,28,3,57
68,29,3,57
68,26,2,57
68,36,2,57
68,44,2,57
68,35,2,57
68,3,3,57
68,11,3,57
68,13,3,57
68,12,3,57
68,0,3,57
68,63,3,57
68,43,3,57
68,19,3,57
68,18,2,57
68,17,2,57
68,16,3,57
68,7,3,57
68,8,3,57
68,15,3,57
68,5,3,57
68,14,3,57
68,4,3,57
68,6,3,57
68,53,3,57
68,62,3,57
68,32,3,57
68,94,3,76
68,10,3,57
68,22,3,57
68,31,3,57
68,25,3,57
68,34,3,57
68,24,3,57
68,73,3,67
68,9,3,57
68,41,3,57
68,42,3,57
68,60,3,57
68,33,3,57
68,23,3,57
68,52,3,57
68,61,3,57
69,59,1,59
69,68,1,68
69,58,1,58
69,79,1,79
69,77,1,77
69,88,2,68
69,67,1,67
69,87,2,77
69,76,2,67
69,89,2,78
69,86,2,67
69,66,2,67
69,57,2,58
69,65,2,67
69,75,2,67
69,56,2,67
69,99,2,79
69,98,2,79
69,78,1,78
69,1,3,58
69,46,3,58
69,55,3,67
69,47,2,58
69,45,3,67
69,2,3,58
69,37,3,58
69,64,3,67
69,74,3,67
69,54,2,67
69,49,2,58
69,38,2,58
69,39,3,58
69,28,3,58
69,29,3,58
69,48,2,58
69,85,3,67
69,96,3,67
69,95,3,67
69,97,3,67
69,84,3,67
69,27,2,58
69,26,3,58
69,7,3,58
69,36,3,58
69,19,3,58
69,18,3,58
69,17,3,58
69,16,3,58
69,8,3,58
69,15,3,58
69,5,3,58
69,14,3,58
69,4,3,58
69,6,3,58
69,63,3,67
69,43,3,67
69,9,3,58
69,73,3,67
69,35,3,58
69,25,3,58
69,53,3,67
69,62,3,67
70,30,2,40
70,43,2,40
70,63,1,63
70,50,1,50
70,31,2,40
70,10,2,40
70,54,2,41
70,61,1,61
70,81,1,81
70,2,2,40
70,51,1,51
70,52,1,52
70,40,1,40
70,1,2,40
70,32,2,40
70,41,1,41
70,62,1,62
70,60,1,60
70,90,2,80
70,91,2,80
70,80,1,80
70,82,2,63
70,73,2,62
70,83,3,61
70,92,2,81
70,74,2,63
70,93,3,62
70,94,3,62
70,64,2,62
70,53,2,41
70,72,2,61
70,71,1,71
70,20,2,40
70,42,1,42
70,0,2,40
70,11,2,40
70,21,2,40
70,12,2,40
70,3,3,40
70,13,2,41
70,33,2,40
70,22,2,40
70,23,2,41
70,44,2,41
70,34,2,41
70,45,3,41
70,55,3,41
70,66,3,62
70,75,3,62
70,65,3,41
70,84,3,62
70,85,3,63
70,14,2,42
70,26,3,40
70,15,3,40
70,5,3,40
70,4,3,40
70,24,3,40
70,25,3,40
70,6,3,42
70,35,2,42
70,36,3,40
70,17,3,41
70,7,3,42
70,27,3,42
70,46,3,42
70,18,3,42
70,16,3,41
71,70,1,70
71,61,1,61
71,81,1,81
71,2,2,31
71,51,1,51
71,52,1,52
71,40,1,40
71,1,2,31
71,32,2,31
71,50,1,50
71,41,1,41
71,30,2,31
71,42,1,42
71,31,1,31
71,43,2,31
71,62,1,62
71,0,2,31
71,11,2,31
71,10,2,31
71,21,2,31
71,12,2,31
71,3,2,31
71,13,2,31
71,60,1,60
71,90,2,80
71,91,2,72
71,80,1,80
71,82,1,82
71,73,2,62
71,83,2,72
71,92,2,72
71,63,1,63
71,74,2,63
71,93,2,82
71,94,2,82
71,84,3,53
71,64,2,53
71,53,1,53
71,54,1,54
71,75,3,53
71,85,3,63
71,65,2,54
71,72,1,72
71,95,3,82
71,33,2,31
71,44,2,41
71,34,2,41
71,45,2,53
71,55,2,53
71,22,2,31
71,20,2,31
71,23,2,31
71,66,3,53
71,76,3,54
71,56,3,53
71,67,3,54
71,86,3,54
71,46,3,42
71,36,2,53
71,35,2,42
71,14,2,31
71,5,3,31
71,4,3,31
71,24,2,53
71,25,2,53
71,26,3,31
71,6,3,31
71,15,2,53
71,27,3,31
71,7,3,31
71,16,3,41
71,47,3,53
71,37,3,53
71,17,3,31
71,18,3,42
71,8,3,53
72,82,1,82
72,73,1,73
72,63,1,63
72,83,1,83
72,81,1,81
72,62,1,62
72,92,1,92
72,71,1,71
72,74,1,74
72,61,1,61
72,91,1,91
72,1,1,1
72,93,2,73
72,94,2,73
72,2,1,2
72,3,2,2
72,11,2,1
72,13,2,2
72,12,2,1
72,0,2,1
72,10,2,1
72,21,2,1
72,84,2,73
72,95,3,73
72,64,2,53
72,52,1,52
72,53,1,53
72,54,1,54
72,42,1,42
72,33,2,41
72,41,1,41
72,44,2,41
72,34,2,41
72,32,2,41
72,51,1,51
72,43,1,43
72,75,2,73
72,85,2,74
72,66,3,53
72,55,2,53
72,76,3,54
72,56,3,53
72,67,3,54
72,86,3,54
72,45,2,53
72,65,2,54
72,96,3,74
72,87,3,74
72,50,1,50
72,31,2,41
72,30,2,41
72,22,2,41
72,23,2,41
72,70,2,60
72,40,2,41
72,60,1,60
72,90,2,81
72,80,2,71
72,46,3,42
72,36,2,43
72,35,2,42
72,14,2,42
72,26,2,43
72,20,2,41
72,15,2,43
72,5,3,41
72,4,3,41
72,24,2,43
72,25,2,43
72,6,3,42
72,27,3,42
72,16,3,41
72,7,3,42
72,47,3,43
72,37,3,43
72,17,3,41
72,18,3,42
72,8,3,43
73,2,2,41
73,84,1,84
73,83,1,83
73,75,1,75
73,64,1,64
73,94,1,94
73,85,2,74
73,93,1,93
73,82,1,82
73,43,1,43
73,63,1,63
73,54,1,54
73,81,2,72
73,62,1,62
73,92,1,92
73,71,2,51
73,61,1,61
73,91,2,72
73,1,2,41
73,72,1,72
73,95,2,84
73,66,2,64
73,55,2,44
73,76,2,75
73,56,3,44
73,67,2,75
73,86,2,75
73,45,2,44
73,65,2,54
73,3,3,41
73,11,2,41
73,13,2,41
73,12,2,41
73,0,3,41
73,96,3,74
73,87,3,74
73,52,1,52
73,53,1,53
73,44,1,44
73,32,2,41
73,74,1,74
73,50,2,41
73,10,2,41
73,21,2,41
73,31,2,41
73,42,1,42
73,33,2,41
73,41,1,41
73,34,2,41
73,51,1,51
73,30,2,41
73,22,2,41
73,23,2,41
73,46,2,44
73,36,2,43
73,35,2,42
73,14,2,42
73,26,2,43
73,20,2,41
73,15,2,43
73,40,2,41
73,60,1,60
73,5,3,41
73,4,3,41
73,24,2,43
73,25,2,43
73,6,3,42
73,70,2,60
73,90,3,72
73,80,3,51
73,57,3,44
73,77,3,64
73,27,2,44
73,97,3,75
73,78,3,75
73,68,3,75
73,58,3,75
73,69,3,75
73,16,2,44
73,7,3,42
73,47,3,43
73,37,3,43
73,17,2,44
73,18,3,42
73,8,3,43
73,38,3,44
73,28,3,44
73,29,3,44
73,19,3,44
73,9,3,44
74,73,1,73
74,84,1,84
74,83,1,83
74,75,1,75
74,64,1,64
74,94,1,94
74,2,1,2
74,82,1,82
74,63,1,63
74,81,2,72
74,62,1,62
74,92,2,72
74,71,2,52
74,61,1,61
74,91,2,72
74,1,2,2
74,72,1,72
74,85,1,85
74,95,2,84
74,93,1,93
74,66,2,64
74,55,2,44
74,76,2,65
74,56,2,45
74,67,2,65
74,54,1,54
74,86,2,65
74,45,1,45
74,65,1,65
74,3,2,2
74,11,2,2
74,13,2,2
74,12,2,2
74,0,2,2
74,10,2,44
74,21,2,52
74,96,2,85
74,87,2,85
74,57,3,44
74,46,2,44
74,47,3,44
74,37,3,44
74,77,3,64
74,68,3,65
74,78,3,65
74,58,3,65
74,69,3,65
74,52,1,52
74,53,1,53
74,42,2,44
74,33,2,44
74,41,2,44
74,44,1,44
74,34,2,44
74,32,2,44
74,51,2,44
74,43,2,44
74,97,3,65
74,50,2,52
74,88,3,85
74,98,3,85
74,36,2,44
74,35,2,44
74,31,2,44
74,30,2,52
74,22,2,44
74,23,2,44
74,14,2,44
74,26,2,44
74,20,2,52
74,15,2,44
74,27,2,44
74,70,2,61
74,40,2,52
74,60,2,52
74,90,3,72
74,80,3,52
74,25,2,44
74,24,2,44
74,6,3,44
74,5,3,44
74,4,3,44
74,7,3,44
74,16,2,44
74,17,2,44
74,18,3,44
74,8,3,44
74,38,3,44
74,28,3,44
74,29,3,44
74,19,3,44
74,9,3,44
75,2,2,45
75,66,1,66
75,76,1,76
75,64,1,64
75,67,1,67
75,86,1,86
75,45,1,45
75,1,2,44
75,43,2,44
75,54,1,54
75,63,1,63
75,55,2,44
75,56,2,45
75,74,1,74
75,57,2,66
75,46,2,44
75,47,3,44
75,37,3,44
75,77,2,66
75,68,2,67
75,78,2,67
75,58,2,67
75,69,2,67
75,3,3,44
75,11,3,44
75,13,2,44
75,12,2,44
75,0,3,44
75,10,2,44
75,21,3,44
75,44,1,44
75,53,2,44
75,36,2,44
75,35,2,44
75,73,1,73
75,84,1,84
75,83,2,73
75,94,2,73
75,85,1,85
75,93,2,73
75,82,2,63
75,62,1,62
75,72,2,62
75,95,2,84
75,34,2,44
75,32,2,44
75,87,2,76
75,96,2,85
75,97,2,86
75,65,1,65
75,92,2,73
75,88,3,66
75,98,3,76
75,38,3,44
75,48,3,66
75,59,3,66
75,81,3,62
75,71,2,62
75,61,2,44
75,91,3,62
75,52,2,44
75,79,3,66
75,89,3,67
75,49,3,67
75,22,2,44
75,31,2,44
75,42,2,44
75,33,2,44
75,41,2,44
75,51,2,44
75,30,2,62
75,23,2,44
75,50,2,62
75,27,2,44
75,26,2,44
75,15,2,44
75,14,2,44
75,20,3,44
75,40,2,62
75,60,2,54
75,70,3,44
75,80,3,62
75,25,2,44
75,24,2,44
75,6,3,44
75,5,3,44
75,4,3,44
75,7,3,44
75,16,2,44
75,17,2,44
75,18,3,44
75,8,3,44
75,28,3,44
75,29,3,44
75,19,3,44
75,9,3,44
76,54,1,54
76,77,1,77
76,68,1,68
76,66,1,66
76,1,2,45
76,56,1,56
76,78,1,78
76,57,2,56
76,65,1,65
76,86,1,86
76,58,2,67
76,69,2,67
76,75,1,75
76,46,2,45
76,55,2,45
76,47,2,56
76,45,1,45
76,2,2,45
76,37,2,56
76,64,2,54
76,74,2,65
76,38,3,45
76,48,3,56
76,88,2,68
76,79,2,68
76,87,1,87
76,89,2,78
76,59,2,68
76,85,1,85
76,96,2,85
76,95,2,85
76,97,2,86
76,84,2,75
76,49,3,67
76,67,1,67
76,43,2,45
76,63,2,45
76,44,2,45
76,53,2,45
76,73,2,75
76,62,2,45
76,32,2,45
76,94,2,85
76,98,2,87
76,3,3,45
76,11,3,45
76,13,3,45
76,12,3,45
76,0,3,45
76,10,2,54
76,21,3,45
76,36,2,45
76,35,2,45
76,83,3,65
76,93,3,65
76,82,3,45
76,72,3,45
76,34,2,45
76,26,2,45
76,27,2,45
76,28,3,45
76,39,3,56
76,29,3,45
76,99,3,68
76,92,3,75
76,22,2,45
76,31,2,54
76,42,2,45
76,33,2,45
76,52,2,45
76,41,2,54
76,51,3,45
76,61,2,54
76,71,3,45
76,30,3,45
76,23,2,45
76,15,2,45
76,50,3,45
76,14,2,45
76,19,3,45
76,18,3,45
76,17,2,45
76,16,2,45
76,7,3,45
76,8,3,45
76,6,3,45
76,5,3,45
76,4,3,45
76,40,3,45
76,20,3,45
76,25,2,45
76,24,2,45
76,9,3,45
76,60,2,54
76,70,3,54
77,88,1,88
77,68,1,68
77,79,1,79
77,67,1,67
77,87,1,87
77,69,1,69
77,76,1,76
77,89,2,78
77,86,1,86
77,66,1,66
77,57,2,66
77,65,2,66
77,58,2,67
77,75,2,66
77,56,2,66
77,99,2,79
77,98,2,79
77,85,2,76
77,96,2,86
77,95,2,86
77,97,2,86
77,84,2,86
77,59,2,68
77,78,1,78
77,54,2,66
77,1,3,66
77,46,3,66
77,55,2,66
77,47,3,66
77,45,3,66
77,2,3,66
77,37,3,66
77,64,2,66
77,74,3,66
77,38,3,66
77,48,3,66
77,49,3,67
77,94,3,76
77,63,2,66
77,43,2,66
77,44,2,66
77,53,2,66
77,73,3,66
77,62,3,66
77,32,3,66
77,27,3,66
77,26,3,66
77,10,3,66
77,22,3,66
77,31,3,66
77,93,3,86
77,82,3,66
77,72,3,66
77,52,3,66
77,71,3,66
77,61,3,66
77,15,3,66
77,50,3,66
77,41,3,66
77,83,3,86
77,36,2,66
77,35,3,66
77,34,3,66
77,14,3,66
77,7,3,66
77,6,3,66
77,5,3,66
77,4,3,66
77,25,3,66
77,24,3,66
77,18,3,66
77,17,3,66
77,42,3,66
77,60,3,66
77,12,3,66
77,33,3,66
77,40,3,66
77,13,3,66
77,21,3,66
77,23,3,66
77,16,3,66
77,8,3,66
78,77,1,77
78,88,1,88
78,68,1,68
78,79,1,79
78,76,1,76
78,66,2,67
78,57,2,67
78,65,2,67
78,86,1,86
78,58,2,67
78,69,1,69
78,75,2,67
78,1,3,67
78,56,2,67
78,67,1,67
78,87,1,87
78,99,2,79
78,98,2,79
78,89,1,89
78,46,3,67
78,55,3,67
78,47,3,67
78,45,3,67
78,2,3,67
78,37,3,67
78,64,3,67
78,74,3,67
78,54,2,67
78,85,2,76
78,96,2,86
78,95,2,86
78,97,2,86
78,84,2,86
78,38,3,67
78,48,3,67
78,59,2,68
78,94,3,76
78,49,3,67
78,63,2,86
78,43,3,67
78,27,3,67
78,26,3,67
78,93,3,86
78,44,3,76
78,53,3,67
78,62,3,67
78,32,3,76
78,10,3,76
78,22,3,76
78,31,3,76
78,73,3,67
78,41,3,76
78,83,3,86
78,36,3,67
78,35,3,67
78,18,3,67
78,17,3,67
78,25,3,67
78,42,3,76
78,60,3,76
78,33,3,76
78,52,3,76
78,61,3,76
79,99,1,99
79,88,1,88
79,98,1,98
79,78,1,78
79,77,1,77
79,68,1,68
79,67,2,68
79,87,2,77
79,69,1,69
79,76,2,68
79,86,2,77
79,89,1,89
79,66,2,77
79,57,2,68
79,65,3,68
79,58,2,68
79,75,3,68
79,56,3,68
79,85,3,68
79,96,2,98
79,95,3,77
79,97,2,88
79,84,3,77
79,59,2,68
79,47,3,68
79,49,3,68
79,38,3,68
79,48,3,68
79,54,3,68
79,63,3,77
79,27,3,68
79,46,3,68
79,2,3,68
79,37,3,68
79,26,3,68
79,55,3,77
79,64,3,77
79,43,3,77
79,36,3,68
79,35,3,68
79,18,3,68
79,17,3,68
79,53,3,77
80,81,1,81
80,90,1,90
80,70,1,70
80,91,1,91
80,71,1,71
80,50,1,50
80,63,1,63
80,82,2,63
80,93,3,62
80,83,3,61
80,94,3,62
80,73,2,62
80,72,2,61
80,74,2,63
80,2,2,50
80,62,1,62
80,61,1,61
80,1,2,50
80,92,2,81
80,30,2,50
80,43,2,50
80,31,2,50
80,10,2,50
80,54,2,51
80,51,1,51
80,52,1,52
80,40,2,50
80,32,2,50
80,41,2,50
80,60,1,60
80,64,2,62
80,53,2,51
80,42,2,50
80,33,2,51
80,44,2,52
80,34,3,50
80,3,3,50
80,11,2,50
80,13,3,50
80,12,2,51
80,0,3,50
80,21,2,50
80,45,3,51
80,55,3,51
80,66,3,62
80,75,3,62
80,65,3,51
80,84,3,62
80,85,3,63
80,22,2,50
80,23,3,50
80,20,2,50
80,14,3,50
80,26,3,50
80,15,3,50
80,5,3,50
80,4,3,50
80,24,3,51
80,36,3,50
80,35,3,50
80,25,3,50
80,16,3,51
81,63,1,63
81,50,1,50
81,90,1,90
81,70,1,70
81,91,1,91
81,71,1,71
81,80,1,80
81,82,1,82
81,93,2,82
81,83,2,72
81,94,2,82
81,73,2,62
81,72,1,72
81,74,2,63
81,2,2,50
81,62,1,62
81,61,1,61
81,1,2,50
81,92,1,92
81,30,2,50
81,43,2,50
81,31,2,50
81,10,2,50
81,54,2,51
81,51,1,51
81,52,1,52
81,40,2,50
81,32,2,50
81,41,2,50
81,60,1,60
81,64,2,62
81,53,2,51
81,84,3,62
81,95,3,82
81,85,3,63
81,75,3,62
81,65,3,51
81,3,3,50
81,11,2,50
81,13,3,50
81,12,2,51
81,0,3,50
81,21,2,50
81,42,2,50
81,33,2,51
81,44,2,52
81,34,3,50
81,45,3,51
81,55,3,51
81,66,3,62
81,22,2,50
81,23,3,50
81,20,2,50
81,14,3,50
81,26,3,50
81,15,3,50
81,5,3,50
81,4,3,50
81,24,3,51
81,36,3,50
81,35,3,50
81,25,3,50
81,16,3,51
82,92,1,92
82,72,1,72
82,83,1,83
82,73,1,73
82,81,1,81
82,91,1,91
82,93,1,93
82,94,1,94
82,74,1,74
82,71,1,71
82,63,1,63
82,2,2,54
82,62,1,62
82,61,1,61
82,1,2,51
82,84,2,73
82,95,2,93
82,3,3,51
82,11,2,51
82,13,3,51
82,12,2,51
82,0,3,51
82,10,2,51
82,21,2,51
82,85,2,74
82,75,2,73
82,64,2,54
82,66,3,54
82,55,2,54
82,76,3,54
82,56,3,54
82,67,3,54
82,54,1,54
82,86,3,54
82,45,2,54
82,65,2,54
82,52,1,52
82,53,2,51
82,42,2,51
82,33,2,51
82,41,2,51
82,44,2,52
82,34,3,51
82,32,2,51
82,51,1,51
82,43,2,51
82,96,3,74
82,87,3,74
82,50,2,51
82,80,2,71
82,70,2,60
82,90,2,81
82,30,2,51
82,31,2,51
82,40,2,51
82,60,1,60
82,22,2,51
82,23,3,51
82,46,3,54
82,36,2,54
82,35,2,54
82,14,3,51
82,26,3,51
82,20,2,51
82,15,3,51
82,27,3,54
82,5,3,51
82,4,3,51
82,24,3,51
82,25,2,54
82,47,3,54
82,37,3,54
82,6,3,54
82,16,3,51
82,7,3,54
82,17,3,54
82,18,3,54
83,94,1,94
83,92,1,92
83,84,1,84
83,82,1,82
83,74,1,74
83,73,1,73
83,95,2,84
83,72,1,72
83,81,2,72
83,91,2,72
83,71,2,52
83,63,1,63
83,2,2,54
83,93,1,93
83,85,2,74
83,62,1,62
83,61,1,61
83,1,2,52
83,75,2,73
83,64,2,54
83,66,3,54
83,55,2,54
83,76,3,54
83,56,3,54
83,67,3,54
83,54,1,54
83,86,2,84
83,45,2,54
83,65,2,54
83,3,3,52
83,11,3,52
83,13,3,52
83,12,3,52
83,0,3,52
83,10,2,52
83,21,2,52
83,96,3,74
83,87,3,74
83,52,1,52
83,53,2,52
83,43,2,52
83,32,2,52
83,44,2,52
83,50,2,52
83,31,2,52
83,42,2,52
83,33,2,52
83,41,2,52
83,34,3,52
83,51,2,52
83,30,2,52
83,22,2,52
83,23,3,52
83,46,3,54
83,36,2,54
83,35,2,54
83,14,3,52
83,26,3,52
83,20,2,52
83,15,3,52
83,77,3,84
83,97,3,84
83,78,3,84
83,80,3,52
83,90,3,72
83,70,2,60
83,60,1,60
83,40,2,52
83,27,3,54
83,5,3,52
83,4,3,52
83,25,2,54
83,47,3,54
83,37,3,54
83,24,3,52
83,6,3,54
83,16,3,52
83,7,3,54
83,17,3,54
83,18,3,54
84,2,2,54
84,73,1,73
84,83,1,83
84,75,1,75
84,64,1,64
84,94,1,94
84,85,1,85
84,93,1,93
84,82,2,63
84,43,2,54
84,63,1,63
84,54,1,54
84,81,3,62
84,62,1,62
84,92,2,73
84,71,2,62
84,61,2,54
84,91,3,62
84,1,2,54
84,72,2,62
84,95,1,95
84,66,2,64
84,55,2,54
84,76,2,75
84,56,3,54
84,67,2,75
84,86,1,86
84,45,2,54
84,65,2,54
84,3,3,54
84,11,3,54
84,13,3,54
84,12,3,54
84,0,3,54
84,96,2,85
84,87,2,85
84,52,2,54
84,53,2,54
84,44,2,54
84,32,2,54
84,74,1,74
84,77,2,86
84,97,2,86
84,78,2,86
84,88,3,85
84,98,3,85
84,68,3,75
84,57,3,64
84,58,3,75
84,69,3,75
84,79,3,86
84,89,3,86
84,10,2,54
84,21,3,54
84,46,3,54
84,50,2,62
84,31,2,54
84,42,2,54
84,33,2,54
84,41,2,54
84,34,2,64
84,51,2,62
84,30,2,62
84,22,2,54
84,23,3,54
84,36,2,54
84,35,2,54
84,14,3,54
84,26,3,54
84,20,3,54
84,15,3,54
84,27,3,54
84,40,2,62
84,60,2,54
84,70,3,54
84,80,3,62
84,25,2,54
84,47,3,54
84,37,3,54
84,24,3,54
84,5,3,54
84,4,3,54
84,6,3,54
84,16,3,54
84,7,3,54
84,17,3,54
84,18,3,54
85,86,1,86
85,95,1,95
85,84,1,84
85,75,1,75
85,96,1,96
85,87,1,87
85,94,1,94
85,2,2,74
85,74,1,74
85,76,1,76
85,77,2,76
85,66,2,75
85,67,2,75
85,97,2,86
85,78,2,76
85,68,2,76
85,57,3,75
85,65,2,74
85,58,3,75
85,69,3,75
85,1,3,74
85,56,2,76
85,55,3,74
85,64,2,74
85,54,2,74
85,45,3,74
85,93,2,74
85,83,2,74
85,92,2,94
85,82,2,74
85,73,2,74
85,72,2,74
85,81,3,74
85,91,3,74
85,71,3,74
85,63,2,74
85,62,2,74
85,61,2,74
85,3,3,74
85,11,3,74
85,13,3,74
85,12,3,74
85,0,3,74
85,88,2,87
85,79,3,76
85,89,3,76
85,98,2,87
85,52,2,74
85,53,2,74
85,43,2,74
85,44,2,74
85,32,3,74
85,10,3,74
85,50,3,74
85,31,3,74
85,22,3,74
85,99,3,87
85,46,3,76
85,47,3,76
85,37,3,76
85,26,3,76
85,27,3,76
85,41,3,74
85,59,3,76
85,36,3,74
85,42,3,74
85,51,3,74
85,30,3,74
85,40,3,74
85,60,3,74
85,25,3,74
85,33,3,74
85,34,3,74
85,35,3,74
85,14,3,74
85,20,3,74
85,15,3,74
85,70,3,74
85,21,3,74
85,23,3,74
85,24,3,74
86,87,1,87
86,85,1,85
86,76,1,76
86,96,1,96
86,75,1,75
86,77,1,77
86,95,1,95
86,66,1,66
86,68,2,67
86,78,1,78
86,57,2,66
86,65,1,65
86,58,2,67
86,69,2,67
86,1,2,65
86,56,2,65
86,67,1,67
86,97,1,97
86,84,1,84
86,2,2,65
86,55,2,65
86,64,2,65
86,74,2,65
86,54,2,65
86,45,2,65
86,94,2,84
86,46,3,65
86,47,3,65
86,37,3,65
86,88,2,77
86,79,2,77
86,89,2,78
86,99,3,77
86,98,2,87
86,3,3,65
86,11,3,65
86,13,3,65
86,12,3,65
86,0,3,65
86,10,3,65
86,21,3,65
86,93,2,84
86,83,2,84
86,92,3,75
86,82,3,65
86,73,2,75
86,72,3,65
86,63,2,65
86,38,3,66
86,48,3,66
86,59,3,66
86,44,2,65
86,53,2,65
86,62,2,65
86,43,2,65
86,32,3,65
86,49,3,67
86,36,2,65
86,35,3,65
86,34,3,65
86,26,3,65
86,27,3,65
86,22,3,65
86,31,3,65
86,71,3,65
86,61,3,65
86,52,3,65
86,50,3,65
86,15,3,65
86,14,3,65
86,41,3,65
86,7,3,65
86,6,3,65
86,5,3,65
86,4,3,65
86,25,3,65
86,24,3,65
86,42,3,65
86,60,3,65
86,51,3,65
86,30,3,65
86,40,3,65
86,33,3,65
86,18,3,65
86,17,3,65
86,23,3,65
86,16,3,65
86,8,3,65
87,96,1,96
87,85,1,85
87,76,1,76
87,75,2,76
87,77,1,77
87,95,1,95
87,66,2,76
87,67,2,76
87,97,1,97
87,84,2,85
87,78,1,78
87,68,2,76
87,57,3,76
87,65,2,76
87,58,3,76
87,69,2,77
87,1,3,76
87,56,2,76
87,2,3,76
87,55,3,76
87,64,3,76
87,74,2,85
87,54,2,76
87,45,3,76
87,86,1,86
87,88,1,88
87,79,2,77
87,89,2,78
87,99,2,88
87,98,1,98
87,94,2,85
87,93,2,95
87,83,3,85
87,92,3,85
87,82,3,85
87,73,3,76
87,72,3,85
87,63,2,85
87,59,3,76
87,43,3,76
87,46,3,76
87,47,3,76
87,37,3,76
87,44,3,76
87,53,3,76
87,62,3,76
87,32,3,76
87,10,3,76
87,26,3,76
87,27,3,76
87,22,3,76
87,31,3,76
87,41,3,76
87,36,3,76
87,35,3,76
87,42,3,76
87,25,3,76
87,60,3,76
87,61,3,76
87,52,3,76
87,33,3,76
88,77,1,77
88,68,1,68
88,79,1,79
88,67,2,68
88,87,1,87
88,69,2,68
88,76,2,68
88,89,1,89
88,86,2,77
88,66,2,77
88,57,2,68
88,65,3,68
88,58,2,68
88,75,3,68
88,56,3,68
88,99,1,99
88,98,1,98
88,85,2,87
88,96,2,87
88,95,2,87
88,97,1,97
88,84,3,77
88,59,2,68
88,78,1,78
88,74,3,87
88,94,3,87
88,54,3,68
88,63,3,77
88,55,3,77
88,64,3,77
88,43,3,77
88,93,3,87
88,47,3,68
88,49,3,68
88,38,3,68
88,48,3,68
88,46,3,68
88,2,3,68
88,37,3,68
88,27,3,68
88,26,3,68
88,36,3,68
88,35,3,68
88,18,3,68
88,17,3,68
88,53,3,77
89,79,1,79
89,99,1,99
89,88,1,88
89,98,1,98
89,78,1,78
89,77,2,78
89,68,2,78
89,67,2,78
89,87,2,78
89,69,2,78
89,76,2,78
89,86,2,78
89,66,3,78
89,57,3,78
89,65,3,78
89,58,3,78
89,75,3,78
89,56,3,78
89,85,3,78
89,96,2,98
89,95,3,78
89,97,2,88
89,84,3,78
89,59,3,78
89,54,3,78
89,63,3,78
90,81,1,81
90,70,2,60
90,91,1,91
90,71,2,60
90,80,1,80
90,63,2,60
90,50,2,60
90,82,2,81
90,93,3,81
90,83,3,61
90,94,3,81
90,73,3,60
90,72,2,61
90,74,3,60
90,2,2,60
90,62,2,60
90,61,1,61
90,1,2,60
90,92,2,81
90,30,2,60
90,43,2,60
90,31,2,60
90,10,2,60
90,54,2,61
90,51,2,60
90,52,2,60
90,40,2,60
90,32,2,60
90,41,2,60
90,60,1,60
90,64,3,60
90,53,2,60
90,11,3,60
90,22,2,61
90,20,2,60
90,42,2,60
90,0,3,60
90,21,2,60
90,12,3,60
90,3,3,60
90,13,3,60
90,33,2,61
90,44,3,60
90,34,3,60
90,23,3,60
90,14,3,60
90,26,3,60
90,15,3,60
90,45,3,60
90,55,3,60
90,65,3,61
90,5,3,61
90,4,3,60
90,24,3,61
90,25,3,60
90,36,3,60
90,35,3,60
90,16,3,61
91,81,1,81
91,82,1,82
91,93,2,82
91,83,2,72
91,94,2,82
91,73,2,63
91,72,1,72
91,74,2,63
91,71,2,60
91,63,1,63
91,84,3,63
91,95,3,82
91,2,2,60
91,62,2,60
91,61,1,61
91,1,2,60
91,85,3,63
91,92,1,92
91,75,3,63
91,64,2,63
91,54,2,61
91,65,3,61
91,52,2,60
91,53,2,60
91,43,2,60
91,80,1,80
91,70,2,60
91,90,1,90
91,3,3,60
91,11,3,60
91,13,3,60
91,12,3,60
91,0,3,60
91,10,2,60
91,21,2,60
91,32,2,60
91,50,2,60
91,31,2,60
91,42,2,60
91,33,2,61
91,41,2,60
91,44,3,60
91,34,3,60
91,51,2,60
91,45,3,60
91,55,3,60
91,66,3,63
91,30,2,60
91,22,2,61
91,23,3,60
91,40,2,60
91,60,1,60
91,20,2,60
91,14,3,60
91,26,3,60
91,15,3,60
91,5,3,61
91,4,3,60
91,36,3,60
91,25,3,60
91,35,3,60
91,24,3,61
91,16,3,61
92,72,1,72
92,83,1,83
92,73,1,73
92,81,1,81
92,91,1,91
92,93,1,93
92,94,1,94
92,74,2,63
92,71,2,60
92,63,1,63
92,82,1,82
92,84,2,73
92,95,2,93
92,2,2,60
92,62,1,62
92,61,1,61
92,1,2,60
92,85,2,94
92,3,3,60
92,11,3,60
92,13,3,60
92,12,3,60
92,0,3,60
92,10,2,60
92,21,2,60
92,75,2,73
92,64,2,62
92,54,2,61
92,65,3,61
92,52,2,60
92,53,2,60
92,43,2,60
92,76,3,73
92,86,3,73
92,96,3,93
92,87,3,93
92,32,2,60
92,80,2,81
92,70,2,60
92,90,2,81
92,50,2,60
92,31,2,60
92,42,2,60
92,33,2,61
92,41,2,60
92,44,2,73
92,34,3,60
92,51,2,60
92,45,3,60
92,55,3,60
92,66,3,62
92,30,2,60
92,22,2,61
92,23,3,60
92,60,1,60
92,40,2,60
92,14,3,60
92,26,3,60
92,20,2,60
92,15,3,60
92,67,3,73
92,5,3,61
92,4,3,60
92,36,3,60
92,25,3,60
92,35,3,60
92,24,3,61
92,16,3,61
93,94,1,94
93,83,1,83
93,92,1,92
93,84,1,84
93,82,1,82
93,74,1,74
93,73,1,73
93,95,1,95
93,72,2,61
93,81,2,82
93,91,2,82
93,71,2,61
93,63,1,63
93,2,2,63
93,85,2,74
93,62,2,61
93,61,1,61
93,1,2,61
93,75,2,73
93,64,2,63
93,66,3,63
93,55,3,61
93,76,3,73
93,56,3,74
93,67,3,73
93,54,2,61
93,86,2,84
93,45,3,61
93,65,2,74
93,3,3,61
93,11,3,61
93,13,3,61
93,12,3,61
93,0,3,61
93,96,2,95
93,87,2,95
93,52,2,61
93,53,2,61
93,43,2,61
93,32,2,61
93,44,2,73
93,77,3,84
93,97,3,84
93,78,3,84
93,98,3,95
93,88,3,95
93,50,2,61
93,31,2,61
93,10,2,61
93,42,2,61
93,33,2,61
93,41,2,61
93,34,3,61
93,51,2,61
93,21,3,61
93,30,2,61
93,22,2,61
93,23,3,61
93,80,3,61
93,90,3,82
93,70,2,61
93,60,2,61
93,14,3,61
93,26,3,61
93,20,3,61
93,15,3,61
93,40,2,61
93,5,3,61
93,4,3,61
93,36,3,61
93,25,3,61
93,35,3,61
93,24,3,61
93,16,3,61
94,83,1,83
94,92,1,92
94,84,1,84
94,82,1,82
94,74,1,74
94,73,1,73
94,95,1,95
94,93,1,93
94,2,2,63
94,85,1,85
94,72,2,63
94,81,2,82
94,91,2,82
94,71,2,63
94,63,1,63
94,62,2,63
94,61,2,63
94,1,2,63
94,75,2,73
94,64,2,63
94,66,3,63
94,55,3,63
94,76,2,85
94,56,3,74
94,67,3,73
94,54,2,63
94,86,2,84
94,45,3,63
94,65,2,74
94,3,3,63
94,11,3,63
94,13,3,63
94,12,3,63
94,0,3,63
94,96,2,85
94,87,2,85
94,52,2,63
94,53,2,63
94,43,2,63
94,77,3,84
94,97,3,84
94,78,3,84
94,98,3,85
94,88,3,85
94,44,2,73
94,32,2,63
94,50,2,63
94,31,2,63
94,10,2,63
94,42,2,63
94,33,2,63
94,41,2,63
94,34,3,63
94,51,2,73
94,21,3,63
94,30,3,63
94,22,3,63
94,23,3,63
94,80,3,63
94,90,3,82
94,70,3,63
94,60,2,63
94,14,3,63
94,26,3,63
94,20,3,63
94,15,3,63
94,40,2,63
94,68,3,85
94,36,3,63
94,25,3,63
94,35,3,63
94,5,3,63
94,4,3,63
94,24,3,63
95,86,1,86
95,84,1,84
95,75,2,84
95,96,1,96
95,87,1,87
95,94,1,94
95,76,2,85
95,2,3,84
95,74,2,84
95,77,2,86
95,66,2,86
95,67,2,86
95,97,2,86
95,78,2,86
95,65,2,86
95,64,2,84
95,93,1,93
95,83,2,84
95,92,2,93
95,82,2,93
95,73,2,84
95,72,3,84
95,63,2,84
95,85,1,85
95,81,3,93
95,91,3,93
95,71,3,84
95,98,2,87
95,68,3,85
95,57,3,86
95,58,3,86
95,69,3,86
95,1,3,84
95,56,3,85
95,55,3,84
95,54,2,84
95,45,3,84
95,88,2,87
95,79,3,86
95,89,3,86
95,43,3,84
95,62,2,84
95,61,2,93
95,52,3,84
95,53,3,84
95,32,3,84
95,50,3,84
95,31,3,84
95,10,3,84
95,99,3,87
95,44,3,84
95,22,3,84
95,41,3,84
95,42,3,84
95,60,3,84
95,40,3,84
95,51,3,84
95,30,3,84
95,36,3,84
95,25,3,84
95,70,3,93
95,33,3,84
95,35,3,84
96,97,1,97
96,87,1,87
96,85,1,85
96,76,2,85
96,75,2,85
96,77,2,86
96,95,1,95
96,66,2,86
96,67,2,86
96,84,2,85
96,78,2,86
96,68,3,85
96,57,3,86
96,65,2,86
96,58,3,86
96,69,3,86
96,1,3,86
96,56,3,85
96,2,3,85
96,55,3,86
96,64,3,85
96,74,2,85
96,54,3,85
96,45,3,86
96,86,1,86
96,94,2,85
96,98,1,98
96,88,2,87
96,79,2,98
96,89,2,98
96,93,2,95
96,83,3,85
96,92,3,85
96,82,3,85
96,73,3,85
96,72,3,85
96,63,2,85
96,99,2,98
96,43,3,85
96,36,3,86
96,53,3,85
96,62,3,85
96,61,3,85
96,52,3,85
97,87,1,87
97,86,1,86
97,95,2,86
97,85,2,86
97,98,1,98
97,76,2,86
97,75,2,86
97,77,2,86
97,66,2,86
97,67,2,86
97,84,2,86
97,78,2,86
97,65,2,86
97,74,3,86
97,94,3,86
97,88,1,88
97,96,1,96
97,68,2,88
97,69,3,86
97,79,2,88
97,89,2,88
97,99,2,88
97,63,2,86
97,57,3,86
97,58,3,86
97,1,3,86
97,56,3,86
97,2,3,86
97,55,3,86
97,64,3,86
97,54,3,86
97,45,3,86
97,93,3,86
97,43,3,86
97,59,3,88
97,83,3,86
97,73,3,86
97,36,3,86
97,53,3,86
97,62,3,86
98,99,1,99
98,88,1,88
98,97,1,97
98,79,1,79
98,78,2,79
98,77,2,79
98,68,2,79
98,67,3,79
98,87,1,87
98,69,2,79
98,76,2,87
98,86,2,87
98,89,1,89
98,96,1,96
98,85,2,87
98,95,2,87
98,75,3,87
98,66,3,79
98,84,3,87
98,65,3,87
98,74,3,87
98,94,3,87
98,58,3,79
98,59,3,79
98,63,3,87
98,54,3,87
98,93,3,87
98,57,3,79
98,56,3,87
99,88,1,88
99,97,2,88
99,89,1,89
99,87,2,88
99,79,1,79
99,96,2,98
99,78,2,79
99,77,2,79
99,76,3,79
99,86,3,79
99,85,3,88
99,95,3,88
99,98,1,98
99,68,2,79
99,67,3,79
99,69,2,79
99,58,3,79
99,59,3,79
99,66,3,79
99,57,3,79
